id,sequence,base_pairs
prueba0,AUAUCUAAAUUUGAAAGGAAAUUUUAGAAG,"[[7, 24], [8, 23], [9, 22], [10, 21], [11, 20], [12, 19]]"
prueba1,GCUAGUAAAUUUACCACAAAAUUUGCAUGA,"[[7, 24], [8, 23], [9, 22], [10, 21], [11, 20], [12, 19]]"
prueba2,AAUACUAAAUUUUUCGAGAAAUUUUAUUUG,"[[7, 24], [8, 23], [9, 22], [10, 21], [11, 20], [12, 19]]"
prueba3,ACACUUAAAUUUUUACGUAAAUUUCGGAGU,"[[7, 24], [8, 23], [9, 22], [10, 21], [11, 20], [12, 19]]"
prueba4,GGGACAAAAUUUGACCUUAAAUUUAAGAGU,"[[7, 24], [8, 23], [9, 22], [10, 21], [11, 20], [12, 19]]"
prueba5,GGCCACAAAUUUCGCUGUAAAUUUCAGUUG,"[[7, 24], [8, 23], [9, 22], [10, 21], [11, 20], [12, 19]]"
prueba6,AUCGAGAAAUUUUUGAUGAAAUUUACGGGA,"[[7, 24], [8, 23], [9, 22], [10, 21], [11, 20], [12, 19]]"
prueba7,AUUGGCAAAUUUACUUUCAAAUUUAUCAAU,"[[7, 24], [8, 23], [9, 22], [10, 21], [11, 20], [12, 19]]"
prueba8,UCGUGAAAAUUUGAAAUUAAAUUUAGUCCA,"[[7, 24], [8, 23], [9, 22], [10, 21], [11, 20], [12, 19]]"
prueba9,UUGAACAAAUUUAUGGACAAAUUUCUGGCU,"[[7, 24], [8, 23], [9, 22], [10, 21], [11, 20], [12, 19]]"
prueba10,ACCUAAAAAUUUCAGUAAAAAUUUCGUCGG,"[[7, 24], [8, 23], [9, 22], [10, 21], [11, 20], [12, 19]]"
prueba11,AUCUGGAAAUUUCUUACUAAAUUUACGAUU,"[[7, 24], [8, 23], [9, 22], [10, 21], [11, 20], [12, 19]]"
prueba12,UUGGAGAAAUUUCUUGUGAAAUUUGAACCC,"[[7, 24], [8, 23], [9, 22], [10, 21], [11, 20], [12, 19]]"
prueba13,CCGCAGAAAUUUCUAUGGAAAUUUCCGCGU,"[[7, 24], [8, 23], [9, 22], [10, 21], [11, 20], [12, 19]]"
prueba14,AAACUAAAAUUUUAUAUAAAAUUUGCAUAG,"[[7, 24], [8, 23], [9, 22], [10, 21], [11, 20], [12, 19]]"
prueba15,UGGUCGAAAUUUGAUAGAAAAUUUCAUUGA,"[[7, 24], [8, 23], [9, 22], [10, 21], [11, 20], [12, 19]]"
prueba16,GCGACCAAAUUUCAUUCUAAAUUUAGCCUU,"[[7, 24], [8, 23], [9, 22], [10, 21], [11, 20], [12, 19]]"
prueba17,GUUUUGAAAUUUGAAGUCAAAUUUCAUCGG,"[[7, 24], [8, 23], [9, 22], [10, 21], [11, 20], [12, 19]]"
prueba18,CUGCGAAAAUUUCAGGUAAAAUUUUAGCCA,"[[7, 24], [8, 23], [9, 22], [10, 21], [11, 20], [12, 19]]"
prueba19,UGAUGUAAAUUUGUCCAUAAAUUUAAUAGU,"[[7, 24], [8, 23], [9, 22], [10, 21], [11, 20], [12, 19]]"
prueba20,UCAAACAAAUUUUUCUACAAAUUUUAGCUG,"[[7, 24], [8, 23], [9, 22], [10, 21], [11, 20], [12, 19]]"
prueba21,AUCCUAAAAUUUUGUCGUAAAUUUUAGUCG,"[[7, 24], [8, 23], [9, 22], [10, 21], [11, 20], [12, 19]]"
prueba22,CCCUAAAAAUUUUCUUCGAAAUUUCGCAGU,"[[7, 24], [8, 23], [9, 22], [10, 21], [11, 20], [12, 19]]"
prueba23,UGGAACAAAUUUGUCUUUAAAUUUAUCUGA,"[[7, 24], [8, 23], [9, 22], [10, 21], [11, 20], [12, 19]]"
prueba24,UCGACGAAAUUUCCGGAGAAAUUUUACACG,"[[7, 24], [8, 23], [9, 22], [10, 21], [11, 20], [12, 19]]"
prueba25,AUUCACAAAUUUCCGUUCAAAUUUCAACGC,"[[7, 24], [8, 23], [9, 22], [10, 21], [11, 20], [12, 19]]"
prueba26,AGUGCGAAAUUUUAGGUCAAAUUUGAAGAC,"[[7, 24], [8, 23], [9, 22], [10, 21], [11, 20], [12, 19]]"
prueba27,AACCUUAAAUUUAGCUCAAAAUUUCCACCG,"[[7, 24], [8, 23], [9, 22], [10, 21], [11, 20], [12, 19]]"
prueba28,AGCAGCAAAUUUACCAGCAAAUUUAGUGUA,"[[7, 24], [8, 23], [9, 22], [10, 21], [11, 20], [12, 19]]"
prueba29,AACUUGAAAUUUGGGCCGAAAUUUGAGGGU,"[[7, 24], [8, 23], [9, 22], [10, 21], [11, 20], [12, 19]]"
prueba30,GCAAGUAAAUUUCUGUCCAAAUUUCGAUCC,"[[7, 24], [8, 23], [9, 22], [10, 21], [11, 20], [12, 19]]"
prueba31,UCUCAAAAAUUUGCAGAUAAAUUUAGGACC,"[[7, 24], [8, 23], [9, 22], [10, 21], [11, 20], [12, 19]]"
prueba32,ACCCACAAAUUUGGUAUGAAAUUUCCGAAA,"[[7, 24], [8, 23], [9, 22], [10, 21], [11, 20], [12, 19]]"
prueba33,CGGCGCAAAUUUCCAUGUAAAUUUCAAGGU,"[[7, 24], [8, 23], [9, 22], [10, 21], [11, 20], [12, 19]]"
prueba34,GCAACUAAAUUUAUUUCGAAAUUUGUCAAA,"[[7, 24], [8, 23], [9, 22], [10, 21], [11, 20], [12, 19]]"
prueba35,AUUUUUAAAUUUUUGUCUAAAUUUAAACGA,"[[7, 24], [8, 23], [9, 22], [10, 21], [11, 20], [12, 19]]"
prueba36,GACUGAAAAUUUAGGCAGAAAUUUUGGUUA,"[[7, 24], [8, 23], [9, 22], [10, 21], [11, 20], [12, 19]]"
prueba37,CGUUUAAAAUUUGCUGUGAAAUUUCAUCGG,"[[7, 24], [8, 23], [9, 22], [10, 21], [11, 20], [12, 19]]"
prueba38,CCGCAGAAAUUUAGACCUAAAUUUUAGGAU,"[[7, 24], [8, 23], [9, 22], [10, 21], [11, 20], [12, 19]]"
prueba39,CACCUGAAAUUUGCCAGCAAAUUUAGCGCG,"[[7, 24], [8, 23], [9, 22], [10, 21], [11, 20], [12, 19]]"
prueba40,GGAUAUAAAUUUUAAACGAAAUUUGAAGUG,"[[7, 24], [8, 23], [9, 22], [10, 21], [11, 20], [12, 19]]"
prueba41,GCGUUUAAAUUUUUUAAUAAAUUUGCUUAG,"[[7, 24], [8, 23], [9, 22], [10, 21], [11, 20], [12, 19]]"
prueba42,AGUAGUAAAUUUGGACAUAAAUUUUAUCUA,"[[7, 24], [8, 23], [9, 22], [10, 21], [11, 20], [12, 19]]"
prueba43,GGGUGUAAAUUUGACCCCAAAUUUCUCCUC,"[[7, 24], [8, 23], [9, 22], [10, 21], [11, 20], [12, 19]]"
prueba44,GGACUAAAAUUUGCAACGAAAUUUACCGGU,"[[7, 24], [8, 23], [9, 22], [10, 21], [11, 20], [12, 19]]"
prueba45,UAGUCGAAAUUUGUCCAAAAAUUUCAGUGG,"[[7, 24], [8, 23], [9, 22], [10, 21], [11, 20], [12, 19]]"
prueba46,CAUCUGAAAUUUAAGUGAAAAUUUGUACGG,"[[7, 24], [8, 23], [9, 22], [10, 21], [11, 20], [12, 19]]"
prueba47,GUAUUUAAAUUUCCUCCAAAAUUUGCAUGC,"[[7, 24], [8, 23], [9, 22], [10, 21], [11, 20], [12, 19]]"
prueba48,UGACGAAAAUUUCGUGAGAAAUUUGCAUUU,"[[7, 24], [8, 23], [9, 22], [10, 21], [11, 20], [12, 19]]"
prueba49,UUAAAUAAAUUUAAGUAGAAAUUUUUCGUG,"[[7, 24], [8, 23], [9, 22], [10, 21], [11, 20], [12, 19]]"
prueba50,AGAGAGAAAUUUGCAAGAAAAUUUAGGUAG,"[[7, 24], [8, 23], [9, 22], [10, 21], [11, 20], [12, 19]]"
prueba51,ACCACUAAAUUUCUGAGGAAAUUUAUCGAC,"[[7, 24], [8, 23], [9, 22], [10, 21], [11, 20], [12, 19]]"
prueba52,GGGCUGAAAUUUCCUUUUAAAUUUUUCCGG,"[[7, 24], [8, 23], [9, 22], [10, 21], [11, 20], [12, 19]]"
prueba53,UCUCUAAAAUUUUGACUGAAAUUUUAUUGC,"[[7, 24], [8, 23], [9, 22], [10, 21], [11, 20], [12, 19]]"
prueba54,GGGUGCAAAUUUACCUAUAAAUUUGAAUGU,"[[7, 24], [8, 23], [9, 22], [10, 21], [11, 20], [12, 19]]"
prueba55,GGAACAAAAUUUAACUAUAAAUUUCUAGAA,"[[7, 24], [8, 23], [9, 22], [10, 21], [11, 20], [12, 19]]"
prueba56,ACGCUCAAAUUUAUUUUAAAAUUUGCAUUC,"[[7, 24], [8, 23], [9, 22], [10, 21], [11, 20], [12, 19]]"
prueba57,CUCCCAAAAUUUAGAUCGAAAUUUGUCCAU,"[[7, 24], [8, 23], [9, 22], [10, 21], [11, 20], [12, 19]]"
prueba58,CCCAGAAAAUUUGAGUCUAAAUUUACCUGA,"[[7, 24], [8, 23], [9, 22], [10, 21], [11, 20], [12, 19]]"
prueba59,CAUCAAAAAUUUGUUCUCAAAUUUAUUCUA,"[[7, 24], [8, 23], [9, 22], [10, 21], [11, 20], [12, 19]]"
prueba60,ACUAGGAAAUUUUAUGAGAAAUUUAAAAGC,"[[7, 24], [8, 23], [9, 22], [10, 21], [11, 20], [12, 19]]"
prueba61,AUUCAAAAAUUUAAUACUAAAUUUACACCA,"[[7, 24], [8, 23], [9, 22], [10, 21], [11, 20], [12, 19]]"
prueba62,AUCCGGAAAUUUCCGUAUAAAUUUUAUUUA,"[[7, 24], [8, 23], [9, 22], [10, 21], [11, 20], [12, 19]]"
prueba63,UUCGUGAAAUUUCGCCGCAAAUUUUUCCUU,"[[7, 24], [8, 23], [9, 22], [10, 21], [11, 20], [12, 19]]"
prueba64,UUUUCGAAAUUUUAAGACAAAUUUAACACU,"[[7, 24], [8, 23], [9, 22], [10, 21], [11, 20], [12, 19]]"
prueba65,AAUUAGAAAUUUUGCAGCAAAUUUACACAU,"[[7, 24], [8, 23], [9, 22], [10, 21], [11, 20], [12, 19]]"
prueba66,CGGAGGAAAUUUAUCUUCAAAUUUUUGGUC,"[[7, 24], [8, 23], [9, 22], [10, 21], [11, 20], [12, 19]]"
prueba67,UCGCGAAAAUUUGAUCAUAAAUUUAUACUU,"[[7, 24], [8, 23], [9, 22], [10, 21], [11, 20], [12, 19]]"
prueba68,UCGACGAAAUUUAAAGUGAAAUUUUAGACG,"[[7, 24], [8, 23], [9, 22], [10, 21], [11, 20], [12, 19]]"
prueba69,AGACCUAAAUUUUCGACGAAAUUUUAAAUC,"[[7, 24], [8, 23], [9, 22], [10, 21], [11, 20], [12, 19]]"
prueba70,AGCCAUAAAUUUCUCGCGAAAUUUUAAGAC,"[[7, 24], [8, 23], [9, 22], [10, 21], [11, 20], [12, 19]]"
prueba71,CAAGUUAAAUUUGACACCAAAUUUCCUGAU,"[[7, 24], [8, 23], [9, 22], [10, 21], [11, 20], [12, 19]]"
prueba72,CAAAGCAAAUUUUGCCAGAAAUUUGACCGG,"[[7, 24], [8, 23], [9, 22], [10, 21], [11, 20], [12, 19]]"
prueba73,UCCCUGAAAUUUGGCACCAAAUUUACCACA,"[[7, 24], [8, 23], [9, 22], [10, 21], [11, 20], [12, 19]]"
prueba74,AUUCUAAAAUUUCCGUCUAAAUUUUCAAAC,"[[7, 24], [8, 23], [9, 22], [10, 21], [11, 20], [12, 19]]"
prueba75,ACCGCUAAAUUUGGUGCGAAAUUUGAACUG,"[[7, 24], [8, 23], [9, 22], [10, 21], [11, 20], [12, 19]]"
prueba76,CGUAUUAAAUUUAUCUCAAAAUUUGGAUUA,"[[7, 24], [8, 23], [9, 22], [10, 21], [11, 20], [12, 19]]"
prueba77,GACAUCAAAUUUUCUACUAAAUUUCCAACC,"[[7, 24], [8, 23], [9, 22], [10, 21], [11, 20], [12, 19]]"
prueba78,GCACUGAAAUUUAGAUCAAAAUUUGCUUAC,"[[7, 24], [8, 23], [9, 22], [10, 21], [11, 20], [12, 19]]"
prueba79,UGGGCAAAAUUUUUGAUGAAAUUUAUAGAA,"[[7, 24], [8, 23], [9, 22], [10, 21], [11, 20], [12, 19]]"
prueba80,CUUAACAAAUUUUAUAUAAAAUUUUAGGAA,"[[7, 24], [8, 23], [9, 22], [10, 21], [11, 20], [12, 19]]"
prueba81,CUUAACAAAUUUAACUACAAAUUUCUGCAA,"[[7, 24], [8, 23], [9, 22], [10, 21], [11, 20], [12, 19]]"
prueba82,ACCCAUAAAUUUCAAGAGAAAUUUAAAAGU,"[[7, 24], [8, 23], [9, 22], [10, 21], [11, 20], [12, 19]]"
prueba83,AGCCAAAAAUUUGGGCUGAAAUUUAGAGGG,"[[7, 24], [8, 23], [9, 22], [10, 21], [11, 20], [12, 19]]"
prueba84,GCGCGAAAAUUUUUAUACAAAUUUAUGGCU,"[[7, 24], [8, 23], [9, 22], [10, 21], [11, 20], [12, 19]]"
prueba85,GAUCACAAAUUUGUGUGUAAAUUUCACACA,"[[7, 24], [8, 23], [9, 22], [10, 21], [11, 20], [12, 19]]"
prueba86,GCCCAAAAAUUUGUCGUAAAAUUUUGCGGA,"[[7, 24], [8, 23], [9, 22], [10, 21], [11, 20], [12, 19]]"
prueba87,GUUACAAAAUUUCAGAGCAAAUUUCUCGCG,"[[7, 24], [8, 23], [9, 22], [10, 21], [11, 20], [12, 19]]"
prueba88,AUUCCAAAAUUUCCUAGGAAAUUUGGGGCA,"[[7, 24], [8, 23], [9, 22], [10, 21], [11, 20], [12, 19]]"
prueba89,UCUUUCAAAUUUGCGCCCAAAUUUUAGUAC,"[[7, 24], [8, 23], [9, 22], [10, 21], [11, 20], [12, 19]]"
prueba90,CCAUCCAAAUUUGGGUUCAAAUUUCCGGCC,"[[7, 24], [8, 23], [9, 22], [10, 21], [11, 20], [12, 19]]"
prueba91,AUCUGCAAAUUUUUAAAUAAAUUUGCGCGA,"[[7, 24], [8, 23], [9, 22], [10, 21], [11, 20], [12, 19]]"
prueba92,CAAACAAAAUUUUCUCAGAAAUUUCCAGUC,"[[7, 24], [8, 23], [9, 22], [10, 21], [11, 20], [12, 19]]"
prueba93,CUUGCGAAAUUUGGAGACAAAUUUGGAACG,"[[7, 24], [8, 23], [9, 22], [10, 21], [11, 20], [12, 19]]"
prueba94,GGGUUCAAAUUUGAGCCGAAAUUUGAGCAA,"[[7, 24], [8, 23], [9, 22], [10, 21], [11, 20], [12, 19]]"
prueba95,ACGGUUAAAUUUCCUGCCAAAUUUUCGGGU,"[[7, 24], [8, 23], [9, 22], [10, 21], [11, 20], [12, 19]]"
prueba96,AAACGCAAAUUUUCGUUCAAAUUUCACAGU,"[[7, 24], [8, 23], [9, 22], [10, 21], [11, 20], [12, 19]]"
prueba97,UCCGUAAAAUUUUAGGCGAAAUUUUCCUGU,"[[7, 24], [8, 23], [9, 22], [10, 21], [11, 20], [12, 19]]"
prueba98,UGAAGCAAAUUUCCGAGUAAAUUUCACAGG,"[[7, 24], [8, 23], [9, 22], [10, 21], [11, 20], [12, 19]]"
prueba99,GAAACAAAAUUUUUCCAUAAAUUUACUUCC,"[[7, 24], [8, 23], [9, 22], [10, 21], [11, 20], [12, 19]]"
prueba100,AAGGCAAAAUUUCGCUCAAAAUUUAAUGAG,"[[7, 24], [8, 23], [9, 22], [10, 21], [11, 20], [12, 19]]"
prueba101,UGCUGUAAAUUUACAUCGAAAUUUGUAUUG,"[[7, 24], [8, 23], [9, 22], [10, 21], [11, 20], [12, 19]]"
prueba102,UAGACUAAAUUUGGAAACAAAUUUUGACUU,"[[7, 24], [8, 23], [9, 22], [10, 21], [11, 20], [12, 19]]"
prueba103,AGUGCGAAAUUUCGCGCGAAAUUUAGAUGG,"[[7, 24], [8, 23], [9, 22], [10, 21], [11, 20], [12, 19]]"
prueba104,CCGGCUAAAUUUUUAAUAAAAUUUAGGUAA,"[[7, 24], [8, 23], [9, 22], [10, 21], [11, 20], [12, 19]]"
prueba105,UAAAUGAAAUUUAAACUAAAAUUUAUUGUU,"[[7, 24], [8, 23], [9, 22], [10, 21], [11, 20], [12, 19]]"
prueba106,ACAGGAAAAUUUAAUUACAAAUUUUGGGUC,"[[7, 24], [8, 23], [9, 22], [10, 21], [11, 20], [12, 19]]"
prueba107,AUUGUCAAAUUUAGAGCAAAAUUUCUACCA,"[[7, 24], [8, 23], [9, 22], [10, 21], [11, 20], [12, 19]]"
prueba108,UAAUUUAAAUUUUGGGUUAAAUUUGUUUUU,"[[7, 24], [8, 23], [9, 22], [10, 21], [11, 20], [12, 19]]"
prueba109,AUGGCGAAAUUUCAAGUUAAAUUUAGGCGC,"[[7, 24], [8, 23], [9, 22], [10, 21], [11, 20], [12, 19]]"
prueba110,GAUCUCAAAUUUACAGAUAAAUUUCUCCGU,"[[7, 24], [8, 23], [9, 22], [10, 21], [11, 20], [12, 19]]"
prueba111,CUGUGUAAAUUUAGAGGCAAAUUUCGAUCA,"[[7, 24], [8, 23], [9, 22], [10, 21], [11, 20], [12, 19]]"
prueba112,GCAAGAAAAUUUCUGCCGAAAUUUCACCAC,"[[7, 24], [8, 23], [9, 22], [10, 21], [11, 20], [12, 19]]"
prueba113,ACCGAAAAAUUUGGCAAAAAAUUUCUAAUG,"[[7, 24], [8, 23], [9, 22], [10, 21], [11, 20], [12, 19]]"
prueba114,CCAAUAAAAUUUCCUAAUAAAUUUGGCCCC,"[[7, 24], [8, 23], [9, 22], [10, 21], [11, 20], [12, 19]]"
prueba115,CCCGACAAAUUUUGCGCCAAAUUUUCGCGA,"[[7, 24], [8, 23], [9, 22], [10, 21], [11, 20], [12, 19]]"
prueba116,AUAUCGAAAUUUGAGAUCAAAUUUCUGGAC,"[[7, 24], [8, 23], [9, 22], [10, 21], [11, 20], [12, 19]]"
prueba117,AUAGUGAAAUUUUCGCAUAAAUUUUCCUUG,"[[7, 24], [8, 23], [9, 22], [10, 21], [11, 20], [12, 19]]"
prueba118,AGGAGCAAAUUUCCCGCCAAAUUUCGACUA,"[[7, 24], [8, 23], [9, 22], [10, 21], [11, 20], [12, 19]]"
prueba119,CGUUCCAAAUUUGAAAUGAAAUUUCUACCG,"[[7, 24], [8, 23], [9, 22], [10, 21], [11, 20], [12, 19]]"
prueba120,UGGGAAAAAUUUGCCUGGAAAUUUACGAGC,"[[7, 24], [8, 23], [9, 22], [10, 21], [11, 20], [12, 19]]"
prueba121,UUCCUCAAAUUUGAUAUUAAAUUUUCAACA,"[[7, 24], [8, 23], [9, 22], [10, 21], [11, 20], [12, 19]]"
prueba122,CGCAAAAAAUUUCCCUCGAAAUUUGACGCU,"[[7, 24], [8, 23], [9, 22], [10, 21], [11, 20], [12, 19]]"
prueba123,GAGAUCAAAUUUCCGAUAAAAUUUAUUGUG,"[[7, 24], [8, 23], [9, 22], [10, 21], [11, 20], [12, 19]]"
prueba124,UAUCGCAAAUUUUUGGACAAAUUUCGUCCA,"[[7, 24], [8, 23], [9, 22], [10, 21], [11, 20], [12, 19]]"
prueba125,CCAUAAAAAUUUUGUCGCAAAUUUAUUAUC,"[[7, 24], [8, 23], [9, 22], [10, 21], [11, 20], [12, 19]]"
prueba126,ACGACAAAAUUUAAGUGCAAAUUUUGUAUU,"[[7, 24], [8, 23], [9, 22], [10, 21], [11, 20], [12, 19]]"
prueba127,ACUAAUAAAUUUGGGCUAAAAUUUAAUUUG,"[[7, 24], [8, 23], [9, 22], [10, 21], [11, 20], [12, 19]]"
prueba128,CAAUCGAAAUUUAUCGAAAAAUUUGAUGAU,"[[7, 24], [8, 23], [9, 22], [10, 21], [11, 20], [12, 19]]"
prueba129,UCUCGAAAAUUUGUGCUUAAAUUUCGGAUU,"[[7, 24], [8, 23], [9, 22], [10, 21], [11, 20], [12, 19]]"
prueba130,GCCUUUAAAUUUUGUGAGAAAUUUAUAGCG,"[[7, 24], [8, 23], [9, 22], [10, 21], [11, 20], [12, 19]]"
prueba131,GUUGUGAAAUUUGCUAUCAAAUUUCCAUGG,"[[7, 24], [8, 23], [9, 22], [10, 21], [11, 20], [12, 19]]"
prueba132,GUACAAAAAUUUUUUCCAAAAUUUCCUCUU,"[[7, 24], [8, 23], [9, 22], [10, 21], [11, 20], [12, 19]]"
prueba133,ACUACGAAAUUUCCCCAGAAAUUUUUAAUC,"[[7, 24], [8, 23], [9, 22], [10, 21], [11, 20], [12, 19]]"
prueba134,CGCUCUAAAUUUCCUUACAAAUUUUGAGAA,"[[7, 24], [8, 23], [9, 22], [10, 21], [11, 20], [12, 19]]"
prueba135,GAACGUAAAUUUCUAACAAAAUUUCACCGU,"[[7, 24], [8, 23], [9, 22], [10, 21], [11, 20], [12, 19]]"
prueba136,GGGGAAAAAUUUGGGAGUAAAUUUCCCCUA,"[[7, 24], [8, 23], [9, 22], [10, 21], [11, 20], [12, 19]]"
prueba137,CGUGGGAAAUUUGUCAACAAAUUUGGUAGU,"[[7, 24], [8, 23], [9, 22], [10, 21], [11, 20], [12, 19]]"
prueba138,CAGAUUAAAUUUGGUGUGAAAUUUAAAAUC,"[[7, 24], [8, 23], [9, 22], [10, 21], [11, 20], [12, 19]]"
prueba139,UAUCUGAAAUUUACCGGCAAAUUUUCAGGG,"[[7, 24], [8, 23], [9, 22], [10, 21], [11, 20], [12, 19]]"
prueba140,GAACGAAAAUUUCGACCCAAAUUUGUUCAG,"[[7, 24], [8, 23], [9, 22], [10, 21], [11, 20], [12, 19]]"
prueba141,GACGUUAAAUUUAUACCAAAAUUUCGGGGA,"[[7, 24], [8, 23], [9, 22], [10, 21], [11, 20], [12, 19]]"
prueba142,GUGAUAAAAUUUUACCGAAAAUUUCAGAAU,"[[7, 24], [8, 23], [9, 22], [10, 21], [11, 20], [12, 19]]"
prueba143,CUACGAAAAUUUAAACCCAAAUUUGCUUUG,"[[7, 24], [8, 23], [9, 22], [10, 21], [11, 20], [12, 19]]"
prueba144,UCCAGCAAAUUUAACGUUAAAUUUCAUAGU,"[[7, 24], [8, 23], [9, 22], [10, 21], [11, 20], [12, 19]]"
prueba145,CUAACGAAAUUUUAACAUAAAUUUAGCUCC,"[[7, 24], [8, 23], [9, 22], [10, 21], [11, 20], [12, 19]]"
prueba146,AACCCAAAAUUUGGAGUUAAAUUUGGACCU,"[[7, 24], [8, 23], [9, 22], [10, 21], [11, 20], [12, 19]]"
prueba147,GAUUGUAAAUUUGUUCCAAAAUUUAGACCC,"[[7, 24], [8, 23], [9, 22], [10, 21], [11, 20], [12, 19]]"
prueba148,UUAUUAAAAUUUGAUGCUAAAUUUUCGCCU,"[[7, 24], [8, 23], [9, 22], [10, 21], [11, 20], [12, 19]]"
prueba149,ACCCACAAAUUUCACAAGAAAUUUCAUGUA,"[[7, 24], [8, 23], [9, 22], [10, 21], [11, 20], [12, 19]]"
prueba150,CAGGGAAAAUUUCCAUCUAAAUUUAGAGGC,"[[7, 24], [8, 23], [9, 22], [10, 21], [11, 20], [12, 19]]"
prueba151,CCGUCGAAAUUUCUCAACAAAUUUGCGUGG,"[[7, 24], [8, 23], [9, 22], [10, 21], [11, 20], [12, 19]]"
prueba152,GCACAUAAAUUUAGUUUUAAAUUUACUUAU,"[[7, 24], [8, 23], [9, 22], [10, 21], [11, 20], [12, 19]]"
prueba153,UGGUUUAAAUUUAGUGGAAAAUUUACAUAA,"[[7, 24], [8, 23], [9, 22], [10, 21], [11, 20], [12, 19]]"
prueba154,GAGUGCAAAUUUCAAAAGAAAUUUAUACUC,"[[7, 24], [8, 23], [9, 22], [10, 21], [11, 20], [12, 19]]"
prueba155,CCUCGGAAAUUUUAUCCGAAAUUUUGGACC,"[[7, 24], [8, 23], [9, 22], [10, 21], [11, 20], [12, 19]]"
prueba156,UUCCGUAAAUUUCAUAGUAAAUUUGAUCCU,"[[7, 24], [8, 23], [9, 22], [10, 21], [11, 20], [12, 19]]"
prueba157,UUAGUCAAAUUUUAAUUGAAAUUUACGCAA,"[[7, 24], [8, 23], [9, 22], [10, 21], [11, 20], [12, 19]]"
prueba158,CUAUGGAAAUUUUUGCGCAAAUUUUUACAG,"[[7, 24], [8, 23], [9, 22], [10, 21], [11, 20], [12, 19]]"
prueba159,GACCUAAAAUUUCGUAAAAAAUUUAUUGCG,"[[7, 24], [8, 23], [9, 22], [10, 21], [11, 20], [12, 19]]"
prueba160,AUCUUUAAAUUUAUCGCCAAAUUUUGCUGC,"[[7, 24], [8, 23], [9, 22], [10, 21], [11, 20], [12, 19]]"
prueba161,CCCCAUAAAUUUGGCGCUAAAUUUGCACUU,"[[7, 24], [8, 23], [9, 22], [10, 21], [11, 20], [12, 19]]"
prueba162,ACACACAAAUUUGGUCAGAAAUUUUCGUUG,"[[7, 24], [8, 23], [9, 22], [10, 21], [11, 20], [12, 19]]"
prueba163,CGCGACAAAUUUUAAUGGAAAUUUGUCGGC,"[[7, 24], [8, 23], [9, 22], [10, 21], [11, 20], [12, 19]]"
prueba164,UGGUGCAAAUUUUAUGCUAAAUUUAACUCC,"[[7, 24], [8, 23], [9, 22], [10, 21], [11, 20], [12, 19]]"
prueba165,UGCGCUAAAUUUCAGCGGAAAUUUUAUUUC,"[[7, 24], [8, 23], [9, 22], [10, 21], [11, 20], [12, 19]]"
prueba166,CCGUAUAAAUUUCCGAAGAAAUUUUCUGGA,"[[7, 24], [8, 23], [9, 22], [10, 21], [11, 20], [12, 19]]"
prueba167,CGCUUUAAAUUUACACAGAAAUUUGGCAGA,"[[7, 24], [8, 23], [9, 22], [10, 21], [11, 20], [12, 19]]"
prueba168,UACGCUAAAUUUAGAAUCAAAUUUCUUUAA,"[[7, 24], [8, 23], [9, 22], [10, 21], [11, 20], [12, 19]]"
prueba169,UGGCAGAAAUUUCGCUGCAAAUUUCGACAU,"[[7, 24], [8, 23], [9, 22], [10, 21], [11, 20], [12, 19]]"
prueba170,CGCAGAAAAUUUACCCGGAAAUUUGAUCUA,"[[7, 24], [8, 23], [9, 22], [10, 21], [11, 20], [12, 19]]"
prueba171,CCGCGAAAAUUUGGCCUGAAAUUUUACUAC,"[[7, 24], [8, 23], [9, 22], [10, 21], [11, 20], [12, 19]]"
prueba172,GUGCUUAAAUUUAAACCAAAAUUUAUCUCU,"[[7, 24], [8, 23], [9, 22], [10, 21], [11, 20], [12, 19]]"
prueba173,ACCGUAAAAUUUAAUUAUAAAUUUUCUGUU,"[[7, 24], [8, 23], [9, 22], [10, 21], [11, 20], [12, 19]]"
prueba174,CGUUCGAAAUUUCUCGGAAAAUUUCAACAC,"[[7, 24], [8, 23], [9, 22], [10, 21], [11, 20], [12, 19]]"
prueba175,ACACAGAAAUUUCCAAAGAAAUUUAACGAG,"[[7, 24], [8, 23], [9, 22], [10, 21], [11, 20], [12, 19]]"
prueba176,GUCCGGAAAUUUCAAUAGAAAUUUUACGAG,"[[7, 24], [8, 23], [9, 22], [10, 21], [11, 20], [12, 19]]"
prueba177,AGCCUGAAAUUUGCCCGAAAAUUUAGUAUU,"[[7, 24], [8, 23], [9, 22], [10, 21], [11, 20], [12, 19]]"
prueba178,UCAAACAAAUUUAAGUCCAAAUUUCAAAUA,"[[7, 24], [8, 23], [9, 22], [10, 21], [11, 20], [12, 19]]"
prueba179,GGAAUUAAAUUUACAUGAAAAUUUGGUCGA,"[[7, 24], [8, 23], [9, 22], [10, 21], [11, 20], [12, 19]]"
prueba180,GUAGCAAAAUUUAGUGAGAAAUUUUCCUUU,"[[7, 24], [8, 23], [9, 22], [10, 21], [11, 20], [12, 19]]"
prueba181,CACACCAAAUUUUGCUGGAAAUUUCCUUCA,"[[7, 24], [8, 23], [9, 22], [10, 21], [11, 20], [12, 19]]"
prueba182,CUUGGGAAAUUUGGAACUAAAUUUUGAUGG,"[[7, 24], [8, 23], [9, 22], [10, 21], [11, 20], [12, 19]]"
prueba183,UUGUUGAAAUUUCCGGCUAAAUUUCCUACC,"[[7, 24], [8, 23], [9, 22], [10, 21], [11, 20], [12, 19]]"
prueba184,AAUGGUAAAUUUGUUCUCAAAUUUUUCCGA,"[[7, 24], [8, 23], [9, 22], [10, 21], [11, 20], [12, 19]]"
prueba185,UGAUGAAAAUUUUAAAGUAAAUUUAAUCCC,"[[7, 24], [8, 23], [9, 22], [10, 21], [11, 20], [12, 19]]"
prueba186,GUCGGGAAAUUUACGUCGAAAUUUGGAAAG,"[[7, 24], [8, 23], [9, 22], [10, 21], [11, 20], [12, 19]]"
prueba187,GACGAGAAAUUUCGGAGAAAAUUUUCAAUC,"[[7, 24], [8, 23], [9, 22], [10, 21], [11, 20], [12, 19]]"
prueba188,ACAGAGAAAUUUUAGUUUAAAUUUGGUAAA,"[[7, 24], [8, 23], [9, 22], [10, 21], [11, 20], [12, 19]]"
prueba189,GGUUUGAAAUUUUCUGGCAAAUUUAACUGA,"[[7, 24], [8, 23], [9, 22], [10, 21], [11, 20], [12, 19]]"
prueba190,UUUGUGAAAUUUGUCUGGAAAUUUUCUCCC,"[[7, 24], [8, 23], [9, 22], [10, 21], [11, 20], [12, 19]]"
prueba191,AAGUAGAAAUUUGAGCUCAAAUUUCGGUCU,"[[7, 24], [8, 23], [9, 22], [10, 21], [11, 20], [12, 19]]"
prueba192,CCGAACAAAUUUGAUUCUAAAUUUCGGGAG,"[[7, 24], [8, 23], [9, 22], [10, 21], [11, 20], [12, 19]]"
prueba193,CCAAAAAAAUUUCAUCUCAAAUUUCGUUUC,"[[7, 24], [8, 23], [9, 22], [10, 21], [11, 20], [12, 19]]"
prueba194,AGAGAAAAAUUUGGCUGAAAAUUUAUGACU,"[[7, 24], [8, 23], [9, 22], [10, 21], [11, 20], [12, 19]]"
prueba195,GACCGAAAAUUUUGAUACAAAUUUCUUAUA,"[[7, 24], [8, 23], [9, 22], [10, 21], [11, 20], [12, 19]]"
prueba196,CUAACUAAAUUUUUGAAGAAAUUUUCGAUA,"[[7, 24], [8, 23], [9, 22], [10, 21], [11, 20], [12, 19]]"
prueba197,UGGAAGAAAUUUGGCUGCAAAUUUCGCUCG,"[[7, 24], [8, 23], [9, 22], [10, 21], [11, 20], [12, 19]]"
prueba198,UGCCAAAAAUUUGACUGCAAAUUUUGGGUG,"[[7, 24], [8, 23], [9, 22], [10, 21], [11, 20], [12, 19]]"
prueba199,GUUCCAAAAUUUCCGGCUAAAUUUGCGGCU,"[[7, 24], [8, 23], [9, 22], [10, 21], [11, 20], [12, 19]]"
prueba200,CAUCGAAAAUUUGAUGCGAAAUUUCGUCUG,"[[7, 24], [8, 23], [9, 22], [10, 21], [11, 20], [12, 19]]"
prueba201,CAAAUGAAAUUUGGGUGAAAAUUUCGGGUA,"[[7, 24], [8, 23], [9, 22], [10, 21], [11, 20], [12, 19]]"
prueba202,GAAGGAAAAUUUUUUCAGAAAUUUAGUUGU,"[[7, 24], [8, 23], [9, 22], [10, 21], [11, 20], [12, 19]]"
prueba203,UGGAAAAAAUUUUCUUACAAAUUUGCUCUG,"[[7, 24], [8, 23], [9, 22], [10, 21], [11, 20], [12, 19]]"
prueba204,UCGUCAAAAUUUUGACAUAAAUUUAUAGAG,"[[7, 24], [8, 23], [9, 22], [10, 21], [11, 20], [12, 19]]"
prueba205,GCUGCCAAAUUUAAGAGCAAAUUUCCAGCG,"[[7, 24], [8, 23], [9, 22], [10, 21], [11, 20], [12, 19]]"
prueba206,CAUCGGAAAUUUCCGAUUAAAUUUCUUGUG,"[[7, 24], [8, 23], [9, 22], [10, 21], [11, 20], [12, 19]]"
prueba207,GAUGUGAAAUUUCCUGCGAAAUUUCCUAGU,"[[7, 24], [8, 23], [9, 22], [10, 21], [11, 20], [12, 19]]"
prueba208,UUGCUAAAAUUUCCUAUGAAAUUUUGAGUG,"[[7, 24], [8, 23], [9, 22], [10, 21], [11, 20], [12, 19]]"
prueba209,AUCCGUAAAUUUGCCCCUAAAUUUCCUUAG,"[[7, 24], [8, 23], [9, 22], [10, 21], [11, 20], [12, 19]]"
prueba210,CAGCAAAAAUUUAUUCGCAAAUUUAGAUAG,"[[7, 24], [8, 23], [9, 22], [10, 21], [11, 20], [12, 19]]"
prueba211,CUGGCUAAAUUUCCUAGGAAAUUUGCGAGU,"[[7, 24], [8, 23], [9, 22], [10, 21], [11, 20], [12, 19]]"
prueba212,CGACGAAAAUUUAAUGCUAAAUUUUGGUUU,"[[7, 24], [8, 23], [9, 22], [10, 21], [11, 20], [12, 19]]"
prueba213,UAGGCGAAAUUUUUCCGGAAAUUUAUAGAC,"[[7, 24], [8, 23], [9, 22], [10, 21], [11, 20], [12, 19]]"
prueba214,CGAGCGAAAUUUCUCGAGAAAUUUCUUUUU,"[[7, 24], [8, 23], [9, 22], [10, 21], [11, 20], [12, 19]]"
prueba215,CGAUCCAAAUUUUCAGGGAAAUUUGAAGCU,"[[7, 24], [8, 23], [9, 22], [10, 21], [11, 20], [12, 19]]"
prueba216,GUCGAGAAAUUUCGCCUUAAAUUUAUACCC,"[[7, 24], [8, 23], [9, 22], [10, 21], [11, 20], [12, 19]]"
prueba217,UGCGAAAAAUUUAUAAAAAAAUUUUUAGUG,"[[7, 24], [8, 23], [9, 22], [10, 21], [11, 20], [12, 19]]"
prueba218,CUUCAUAAAUUUGCGCUAAAAUUUUCCAAC,"[[7, 24], [8, 23], [9, 22], [10, 21], [11, 20], [12, 19]]"
prueba219,UUCCGAAAAUUUUCGAGCAAAUUUCGACCC,"[[7, 24], [8, 23], [9, 22], [10, 21], [11, 20], [12, 19]]"
prueba220,UAUUACAAAUUUGUCUACAAAUUUCUUGUA,"[[7, 24], [8, 23], [9, 22], [10, 21], [11, 20], [12, 19]]"
prueba221,GAGUCGAAAUUUACUACUAAAUUUUUUGUG,"[[7, 24], [8, 23], [9, 22], [10, 21], [11, 20], [12, 19]]"
prueba222,UUAACGAAAUUUCCUACAAAAUUUACUAUG,"[[7, 24], [8, 23], [9, 22], [10, 21], [11, 20], [12, 19]]"
prueba223,AGGAUAAAAUUUUAGUUAAAAUUUUCUGGG,"[[7, 24], [8, 23], [9, 22], [10, 21], [11, 20], [12, 19]]"
prueba224,CCCCGGAAAUUUCAGCAUAAAUUUGGAACU,"[[7, 24], [8, 23], [9, 22], [10, 21], [11, 20], [12, 19]]"
prueba225,GUCGUGAAAUUUGUGCCGAAAUUUACUGAC,"[[7, 24], [8, 23], [9, 22], [10, 21], [11, 20], [12, 19]]"
prueba226,UUGGCGAAAUUUGUGUUCAAAUUUUGCCGU,"[[7, 24], [8, 23], [9, 22], [10, 21], [11, 20], [12, 19]]"
prueba227,CAGGGCAAAUUUCAGCUAAAAUUUCCAGCG,"[[7, 24], [8, 23], [9, 22], [10, 21], [11, 20], [12, 19]]"
prueba228,CUAUAGAAAUUUGCUCCGAAAUUUUGCCUC,"[[7, 24], [8, 23], [9, 22], [10, 21], [11, 20], [12, 19]]"
prueba229,AGAGCUAAAUUUCAGACAAAAUUUGUACGA,"[[7, 24], [8, 23], [9, 22], [10, 21], [11, 20], [12, 19]]"
prueba230,AUCAUAAAAUUUCGUGAUAAAUUUAGCAGA,"[[7, 24], [8, 23], [9, 22], [10, 21], [11, 20], [12, 19]]"
prueba231,CAAUCAAAAUUUGACCUAAAAUUUCAUGUC,"[[7, 24], [8, 23], [9, 22], [10, 21], [11, 20], [12, 19]]"
prueba232,GAUUCCAAAUUUUUACAUAAAUUUCAAUGG,"[[7, 24], [8, 23], [9, 22], [10, 21], [11, 20], [12, 19]]"
prueba233,AGAUGUAAAUUUGUAACCAAAUUUCGUUUG,"[[7, 24], [8, 23], [9, 22], [10, 21], [11, 20], [12, 19]]"
prueba234,CGGAUAAAAUUUCAAGCGAAAUUUCAUUAA,"[[7, 24], [8, 23], [9, 22], [10, 21], [11, 20], [12, 19]]"
prueba235,CGCCGGAAAUUUAAUGUAAAAUUUAGAGGA,"[[7, 24], [8, 23], [9, 22], [10, 21], [11, 20], [12, 19]]"
prueba236,UCAGCUAAAUUUUCAAGUAAAUUUUGCAUA,"[[7, 24], [8, 23], [9, 22], [10, 21], [11, 20], [12, 19]]"
prueba237,CUUCUAAAAUUUCGAUGAAAAUUUUGCUAC,"[[7, 24], [8, 23], [9, 22], [10, 21], [11, 20], [12, 19]]"
prueba238,ACUGUAAAAUUUUAGGCCAAAUUUUACGGC,"[[7, 24], [8, 23], [9, 22], [10, 21], [11, 20], [12, 19]]"
prueba239,GCAUUGAAAUUUGGGAAUAAAUUUAGGGAC,"[[7, 24], [8, 23], [9, 22], [10, 21], [11, 20], [12, 19]]"
prueba240,AUCACAAAAUUUCGUUGAAAAUUUUGAACG,"[[7, 24], [8, 23], [9, 22], [10, 21], [11, 20], [12, 19]]"
prueba241,AUGCGUAAAUUUUGGCUGAAAUUUAAUAUG,"[[7, 24], [8, 23], [9, 22], [10, 21], [11, 20], [12, 19]]"
prueba242,GGCCUGAAAUUUAAGUUUAAAUUUUAAGGG,"[[7, 24], [8, 23], [9, 22], [10, 21], [11, 20], [12, 19]]"
prueba243,CCCACCAAAUUUGCAUCAAAAUUUUUCGAC,"[[7, 24], [8, 23], [9, 22], [10, 21], [11, 20], [12, 19]]"
prueba244,UGAAUUAAAUUUUCGAGAAAAUUUCUGGUG,"[[7, 24], [8, 23], [9, 22], [10, 21], [11, 20], [12, 19]]"
prueba245,ACAAAAAAAUUUGAGGGUAAAUUUAAUUUU,"[[7, 24], [8, 23], [9, 22], [10, 21], [11, 20], [12, 19]]"
prueba246,CCUCAUAAAUUUGGGCGUAAAUUUGUUCGA,"[[7, 24], [8, 23], [9, 22], [10, 21], [11, 20], [12, 19]]"
prueba247,AUUCUAAAAUUUUAACUGAAAUUUAGAAAA,"[[7, 24], [8, 23], [9, 22], [10, 21], [11, 20], [12, 19]]"
prueba248,UACCAUAAAUUUACGCUCAAAUUUAGCACG,"[[7, 24], [8, 23], [9, 22], [10, 21], [11, 20], [12, 19]]"
prueba249,GUUGCUAAAUUUAACGCAAAAUUUCUACGA,"[[7, 24], [8, 23], [9, 22], [10, 21], [11, 20], [12, 19]]"
prueba250,GAACACAAAUUUUGAAAGAAAUUUCACUAG,"[[7, 24], [8, 23], [9, 22], [10, 21], [11, 20], [12, 19]]"
prueba251,AUCGACAAAUUUGCUCUAAAAUUUGGACCG,"[[7, 24], [8, 23], [9, 22], [10, 21], [11, 20], [12, 19]]"
prueba252,GUAGCAAAAUUUUCAGAUAAAUUUCUUUAA,"[[7, 24], [8, 23], [9, 22], [10, 21], [11, 20], [12, 19]]"
prueba253,ACAUUGAAAUUUACACUCAAAUUUUCAUCG,"[[7, 24], [8, 23], [9, 22], [10, 21], [11, 20], [12, 19]]"
prueba254,CGUGCUAAAUUUUCCCUCAAAUUUCACCGA,"[[7, 24], [8, 23], [9, 22], [10, 21], [11, 20], [12, 19]]"
prueba255,GAGCGAAAAUUUUGUUUAAAAUUUCAUAGG,"[[7, 24], [8, 23], [9, 22], [10, 21], [11, 20], [12, 19]]"
prueba256,CAUCCUAAAUUUACAUCUAAAUUUUAGCUU,"[[7, 24], [8, 23], [9, 22], [10, 21], [11, 20], [12, 19]]"
prueba257,GGGUGAAAAUUUACAAAUAAAUUUCCGUGG,"[[7, 24], [8, 23], [9, 22], [10, 21], [11, 20], [12, 19]]"
prueba258,GUUUGUAAAUUUUAUAAUAAAUUUUACCGU,"[[7, 24], [8, 23], [9, 22], [10, 21], [11, 20], [12, 19]]"
prueba259,CAGUGAAAAUUUCGAUUUAAAUUUGGAUAU,"[[7, 24], [8, 23], [9, 22], [10, 21], [11, 20], [12, 19]]"
prueba260,UUUUCAAAAUUUCACAGGAAAUUUCUAUAC,"[[7, 24], [8, 23], [9, 22], [10, 21], [11, 20], [12, 19]]"
prueba261,CUGGCUAAAUUUGGGAGAAAAUUUCACGCA,"[[7, 24], [8, 23], [9, 22], [10, 21], [11, 20], [12, 19]]"
prueba262,AACCCUAAAUUUCCGACUAAAUUUACCUGG,"[[7, 24], [8, 23], [9, 22], [10, 21], [11, 20], [12, 19]]"
prueba263,UUUAGUAAAUUUGGACUUAAAUUUGGAUUG,"[[7, 24], [8, 23], [9, 22], [10, 21], [11, 20], [12, 19]]"
prueba264,UCAGGGAAAUUUACACCAAAAUUUUAUUGA,"[[7, 24], [8, 23], [9, 22], [10, 21], [11, 20], [12, 19]]"
prueba265,AUUACAAAAUUUCAUUACAAAUUUUGUGCC,"[[7, 24], [8, 23], [9, 22], [10, 21], [11, 20], [12, 19]]"
prueba266,GCGAAAAAAUUUACAGAGAAAUUUUCGUGA,"[[7, 24], [8, 23], [9, 22], [10, 21], [11, 20], [12, 19]]"
prueba267,UACGGAAAAUUUAUGAGUAAAUUUGUCCUG,"[[7, 24], [8, 23], [9, 22], [10, 21], [11, 20], [12, 19]]"
prueba268,AAGAUCAAAUUUCUGCGGAAAUUUUUAAUU,"[[7, 24], [8, 23], [9, 22], [10, 21], [11, 20], [12, 19]]"
prueba269,AUCCGCAAAUUUCUGAACAAAUUUCGUUGU,"[[7, 24], [8, 23], [9, 22], [10, 21], [11, 20], [12, 19]]"
prueba270,AUUCCCAAAUUUAGCCGAAAAUUUGGGAUG,"[[7, 24], [8, 23], [9, 22], [10, 21], [11, 20], [12, 19]]"
prueba271,GGGAGCAAAUUUAUACGCAAAUUUGCAGUC,"[[7, 24], [8, 23], [9, 22], [10, 21], [11, 20], [12, 19]]"
prueba272,UAGGGUAAAUUUGGCCGAAAAUUUGAUUGG,"[[7, 24], [8, 23], [9, 22], [10, 21], [11, 20], [12, 19]]"
prueba273,CCUUUAAAAUUUCUGCCUAAAUUUCGAGGU,"[[7, 24], [8, 23], [9, 22], [10, 21], [11, 20], [12, 19]]"
prueba274,GGGUCCAAAUUUGGGAUGAAAUUUCCGACC,"[[7, 24], [8, 23], [9, 22], [10, 21], [11, 20], [12, 19]]"
prueba275,AGUACUAAAUUUGAGACUAAAUUUAGAACC,"[[7, 24], [8, 23], [9, 22], [10, 21], [11, 20], [12, 19]]"
prueba276,GCCCAUAAAUUUAUGGCUAAAUUUCUCACU,"[[7, 24], [8, 23], [9, 22], [10, 21], [11, 20], [12, 19]]"
prueba277,AACGAUAAAUUUGCCAUUAAAUUUCAGAUG,"[[7, 24], [8, 23], [9, 22], [10, 21], [11, 20], [12, 19]]"
prueba278,GGAGACAAAUUUAAUGGUAAAUUUUUAAAU,"[[7, 24], [8, 23], [9, 22], [10, 21], [11, 20], [12, 19]]"
prueba279,AUCUACAAAUUUAUGUGAAAAUUUUGGAGG,"[[7, 24], [8, 23], [9, 22], [10, 21], [11, 20], [12, 19]]"
prueba280,CAAUUGAAAUUUAGGCGGAAAUUUCUGGCC,"[[7, 24], [8, 23], [9, 22], [10, 21], [11, 20], [12, 19]]"
prueba281,UUUUUCAAAUUUUUGUUAAAAUUUGGGGUC,"[[7, 24], [8, 23], [9, 22], [10, 21], [11, 20], [12, 19]]"
prueba282,CUAGUUAAAUUUGAUUGUAAAUUUACUCUU,"[[7, 24], [8, 23], [9, 22], [10, 21], [11, 20], [12, 19]]"
prueba283,GUCGACAAAUUUCCCCUGAAAUUUUAAUAU,"[[7, 24], [8, 23], [9, 22], [10, 21], [11, 20], [12, 19]]"
prueba284,ACUCUCAAAUUUUGCCAAAAAUUUUUGGGU,"[[7, 24], [8, 23], [9, 22], [10, 21], [11, 20], [12, 19]]"
prueba285,AGUCCUAAAUUUCGACCGAAAUUUUCAGUA,"[[7, 24], [8, 23], [9, 22], [10, 21], [11, 20], [12, 19]]"
prueba286,CUUAAAAAAUUUGUCACAAAAUUUAAAAGC,"[[7, 24], [8, 23], [9, 22], [10, 21], [11, 20], [12, 19]]"
prueba287,GCGUGGAAAUUUCACCUUAAAUUUAGUUGU,"[[7, 24], [8, 23], [9, 22], [10, 21], [11, 20], [12, 19]]"
prueba288,CGAGUUAAAUUUACAUCUAAAUUUCAGGAA,"[[7, 24], [8, 23], [9, 22], [10, 21], [11, 20], [12, 19]]"
prueba289,GUGAACAAAUUUUACUGAAAAUUUAUGCGA,"[[7, 24], [8, 23], [9, 22], [10, 21], [11, 20], [12, 19]]"
prueba290,GAAUACAAAUUUCCUGCCAAAUUUUACACA,"[[7, 24], [8, 23], [9, 22], [10, 21], [11, 20], [12, 19]]"
prueba291,AUCCGUAAAUUUCCAAGGAAAUUUCUAUCC,"[[7, 24], [8, 23], [9, 22], [10, 21], [11, 20], [12, 19]]"
prueba292,CCUACUAAAUUUAUGAAAAAAUUUCAUAUC,"[[7, 24], [8, 23], [9, 22], [10, 21], [11, 20], [12, 19]]"
prueba293,CGGGGUAAAUUUCCUCCUAAAUUUACUAGG,"[[7, 24], [8, 23], [9, 22], [10, 21], [11, 20], [12, 19]]"
prueba294,CCCAGUAAAUUUAUGCCUAAAUUUCUGAGG,"[[7, 24], [8, 23], [9, 22], [10, 21], [11, 20], [12, 19]]"
prueba295,UAAGUAAAAUUUUGACGCAAAUUUCCCUCA,"[[7, 24], [8, 23], [9, 22], [10, 21], [11, 20], [12, 19]]"
prueba296,CCCCUCAAAUUUUUCAAAAAAUUUAGGCGU,"[[7, 24], [8, 23], [9, 22], [10, 21], [11, 20], [12, 19]]"
prueba297,AUGGCUAAAUUUAAGGACAAAUUUUACUGG,"[[7, 24], [8, 23], [9, 22], [10, 21], [11, 20], [12, 19]]"
prueba298,GCGGGUAAAUUUGAGUUAAAAUUUUAGUAC,"[[7, 24], [8, 23], [9, 22], [10, 21], [11, 20], [12, 19]]"
prueba299,UAAGCCAAAUUUGUCAGAAAAUUUCCUGUU,"[[7, 24], [8, 23], [9, 22], [10, 21], [11, 20], [12, 19]]"
prueba300,CCUGCCAAAUUUACAAAUAAAUUUGAUCUA,"[[7, 24], [8, 23], [9, 22], [10, 21], [11, 20], [12, 19]]"
prueba301,CUCCAAAAAUUUUCGGGAAAAUUUGUUAUC,"[[7, 24], [8, 23], [9, 22], [10, 21], [11, 20], [12, 19]]"
prueba302,GUUACAAAAUUUCUUAGCAAAUUUCGGCGU,"[[7, 24], [8, 23], [9, 22], [10, 21], [11, 20], [12, 19]]"
prueba303,AUACGGAAAUUUGAUCAGAAAUUUCACCCC,"[[7, 24], [8, 23], [9, 22], [10, 21], [11, 20], [12, 19]]"
prueba304,UUCCGAAAAUUUGGUCGUAAAUUUAAGGCG,"[[7, 24], [8, 23], [9, 22], [10, 21], [11, 20], [12, 19]]"
prueba305,GGAAAUAAAUUUGGUCCCAAAUUUAAGGUC,"[[7, 24], [8, 23], [9, 22], [10, 21], [11, 20], [12, 19]]"
prueba306,UAUUAAAAAUUUUAUGAAAAAUUUGUAGCA,"[[7, 24], [8, 23], [9, 22], [10, 21], [11, 20], [12, 19]]"
prueba307,AACGGUAAAUUUGCACUGAAAUUUUGCCUC,"[[7, 24], [8, 23], [9, 22], [10, 21], [11, 20], [12, 19]]"
prueba308,CAAGACAAAUUUGCUCAGAAAUUUUGUGGC,"[[7, 24], [8, 23], [9, 22], [10, 21], [11, 20], [12, 19]]"
prueba309,AUCCGCAAAUUUCCUACCAAAUUUGUCUGG,"[[7, 24], [8, 23], [9, 22], [10, 21], [11, 20], [12, 19]]"
prueba310,GAGUAGAAAUUUUAGUUUAAAUUUCGCAAU,"[[7, 24], [8, 23], [9, 22], [10, 21], [11, 20], [12, 19]]"
prueba311,CGUAUGAAAUUUACGAUGAAAUUUUAAAUU,"[[7, 24], [8, 23], [9, 22], [10, 21], [11, 20], [12, 19]]"
prueba312,GUCUGUAAAUUUCCUCAUAAAUUUCUUCGC,"[[7, 24], [8, 23], [9, 22], [10, 21], [11, 20], [12, 19]]"
prueba313,CUUCGGAAAUUUCCUCUCAAAUUUUGCUAC,"[[7, 24], [8, 23], [9, 22], [10, 21], [11, 20], [12, 19]]"
prueba314,ACGGUAAAAUUUGGGUGUAAAUUUUUCAGU,"[[7, 24], [8, 23], [9, 22], [10, 21], [11, 20], [12, 19]]"
prueba315,UAUGGAAAAUUUAGCCGGAAAUUUGGCACA,"[[7, 24], [8, 23], [9, 22], [10, 21], [11, 20], [12, 19]]"
prueba316,GCCCGAAAAUUUUGCACGAAAUUUAAACGC,"[[7, 24], [8, 23], [9, 22], [10, 21], [11, 20], [12, 19]]"
prueba317,CGCCGAAAAUUUAAAGCAAAAUUUCUAAUG,"[[7, 24], [8, 23], [9, 22], [10, 21], [11, 20], [12, 19]]"
prueba318,UCGAUGAAAUUUAAUGUAAAAUUUGCGCUC,"[[7, 24], [8, 23], [9, 22], [10, 21], [11, 20], [12, 19]]"
prueba319,UUCGACAAAUUUACCCGAAAAUUUCAGCCU,"[[7, 24], [8, 23], [9, 22], [10, 21], [11, 20], [12, 19]]"
prueba320,CACUAUAAAUUUUUACAAAAAUUUUCAUCU,"[[7, 24], [8, 23], [9, 22], [10, 21], [11, 20], [12, 19]]"
prueba321,CCCACUAAAUUUCUACACAAAUUUAUUCUC,"[[7, 24], [8, 23], [9, 22], [10, 21], [11, 20], [12, 19]]"
prueba322,UUGAUGAAAUUUUCACAAAAAUUUUCCAUC,"[[7, 24], [8, 23], [9, 22], [10, 21], [11, 20], [12, 19]]"
prueba323,CGGUCGAAAUUUCGGGUUAAAUUUGGCCAU,"[[7, 24], [8, 23], [9, 22], [10, 21], [11, 20], [12, 19]]"
prueba324,UAUAUUAAAUUUGGAUUUAAAUUUCCGAGU,"[[7, 24], [8, 23], [9, 22], [10, 21], [11, 20], [12, 19]]"
prueba325,GGGACCAAAUUUAAGAUGAAAUUUAACUAU,"[[7, 24], [8, 23], [9, 22], [10, 21], [11, 20], [12, 19]]"
prueba326,GGUCAUAAAUUUCACCGCAAAUUUAAAAAG,"[[7, 24], [8, 23], [9, 22], [10, 21], [11, 20], [12, 19]]"
prueba327,GCACCGAAAUUUCCGAGAAAAUUUUCAAGA,"[[7, 24], [8, 23], [9, 22], [10, 21], [11, 20], [12, 19]]"
prueba328,GGUAAUAAAUUUUUAGGCAAAUUUGUCAUG,"[[7, 24], [8, 23], [9, 22], [10, 21], [11, 20], [12, 19]]"
prueba329,AACCUCAAAUUUGAGCGAAAAUUUACAAUG,"[[7, 24], [8, 23], [9, 22], [10, 21], [11, 20], [12, 19]]"
prueba330,UGAGUAAAAUUUAGGGACAAAUUUAGCUAU,"[[7, 24], [8, 23], [9, 22], [10, 21], [11, 20], [12, 19]]"
prueba331,UCAAUGAAAUUUGAGUGUAAAUUUAAGUUC,"[[7, 24], [8, 23], [9, 22], [10, 21], [11, 20], [12, 19]]"
prueba332,CGUUGCAAAUUUCAAUCGAAAUUUAUGCAU,"[[7, 24], [8, 23], [9, 22], [10, 21], [11, 20], [12, 19]]"
prueba333,CUCCGUAAAUUUGCGCACAAAUUUUUGGAC,"[[7, 24], [8, 23], [9, 22], [10, 21], [11, 20], [12, 19]]"
prueba334,CGGAUCAAAUUUCAUGAAAAAUUUGCCGCA,"[[7, 24], [8, 23], [9, 22], [10, 21], [11, 20], [12, 19]]"
prueba335,AAAGUCAAAUUUCAGUAUAAAUUUAUGGUA,"[[7, 24], [8, 23], [9, 22], [10, 21], [11, 20], [12, 19]]"
prueba336,CUACCUAAAUUUGUGUUGAAAUUUAUCCGA,"[[7, 24], [8, 23], [9, 22], [10, 21], [11, 20], [12, 19]]"
prueba337,ACUCAGAAAUUUGCUCGAAAAUUUCUGUAU,"[[7, 24], [8, 23], [9, 22], [10, 21], [11, 20], [12, 19]]"
prueba338,GGUUAUAAAUUUGGGGGAAAAUUUCGCUCG,"[[7, 24], [8, 23], [9, 22], [10, 21], [11, 20], [12, 19]]"
prueba339,CUUGUGAAAUUUGCCACCAAAUUUCAAUGA,"[[7, 24], [8, 23], [9, 22], [10, 21], [11, 20], [12, 19]]"
prueba340,UAGGUUAAAUUUAUAAUCAAAUUUCACACA,"[[7, 24], [8, 23], [9, 22], [10, 21], [11, 20], [12, 19]]"
prueba341,CAGUUUAAAUUUGGGGGGAAAUUUUCGUUU,"[[7, 24], [8, 23], [9, 22], [10, 21], [11, 20], [12, 19]]"
prueba342,GCAAACAAAUUUCGGUGUAAAUUUCCUUUA,"[[7, 24], [8, 23], [9, 22], [10, 21], [11, 20], [12, 19]]"
prueba343,ACAUCGAAAUUUCCAACUAAAUUUUGUCCU,"[[7, 24], [8, 23], [9, 22], [10, 21], [11, 20], [12, 19]]"
prueba344,CUUGUUAAAUUUGUGCACAAAUUUCCGCUA,"[[7, 24], [8, 23], [9, 22], [10, 21], [11, 20], [12, 19]]"
prueba345,UUAGGAAAAUUUGGUUUAAAAUUUAUACCA,"[[7, 24], [8, 23], [9, 22], [10, 21], [11, 20], [12, 19]]"
prueba346,UAUAACAAAUUUGACUGGAAAUUUAGUGUC,"[[7, 24], [8, 23], [9, 22], [10, 21], [11, 20], [12, 19]]"
prueba347,CAGGUGAAAUUUCUGUUUAAAUUUUCCGGA,"[[7, 24], [8, 23], [9, 22], [10, 21], [11, 20], [12, 19]]"
prueba348,UACAUCAAAUUUUUCAGAAAAUUUCUCAGU,"[[7, 24], [8, 23], [9, 22], [10, 21], [11, 20], [12, 19]]"
prueba349,UAGGGUAAAUUUGCAUCUAAAUUUCUAGAU,"[[7, 24], [8, 23], [9, 22], [10, 21], [11, 20], [12, 19]]"
prueba350,UCUAAGAAAUUUAUCAGCAAAUUUCAAGUA,"[[7, 24], [8, 23], [9, 22], [10, 21], [11, 20], [12, 19]]"
prueba351,UAAGACAAAUUUGUAUGUAAAUUUUGGGUA,"[[7, 24], [8, 23], [9, 22], [10, 21], [11, 20], [12, 19]]"
prueba352,AGUUGUAAAUUUUGGGUUAAAUUUGCCCCA,"[[7, 24], [8, 23], [9, 22], [10, 21], [11, 20], [12, 19]]"
prueba353,AAUUUAAAAUUUAUGAGUAAAUUUACACAG,"[[7, 24], [8, 23], [9, 22], [10, 21], [11, 20], [12, 19]]"
prueba354,GCUCAAAAAUUUUUUCAAAAAUUUGUUCGC,"[[7, 24], [8, 23], [9, 22], [10, 21], [11, 20], [12, 19]]"
prueba355,UCAUCAAAAUUUCGGCUCAAAUUUAGGCAU,"[[7, 24], [8, 23], [9, 22], [10, 21], [11, 20], [12, 19]]"
prueba356,AAUUUAAAAUUUUGGAGUAAAUUUAUUGAU,"[[7, 24], [8, 23], [9, 22], [10, 21], [11, 20], [12, 19]]"
prueba357,CUAGGCAAAUUUUCCAGCAAAUUUUCCCUC,"[[7, 24], [8, 23], [9, 22], [10, 21], [11, 20], [12, 19]]"
prueba358,GAUGUAAAAUUUUGUUGGAAAUUUCUUCCU,"[[7, 24], [8, 23], [9, 22], [10, 21], [11, 20], [12, 19]]"
prueba359,GUAUGUAAAUUUCCCACGAAAUUUCAUCGU,"[[7, 24], [8, 23], [9, 22], [10, 21], [11, 20], [12, 19]]"
prueba360,UCGCGCAAAUUUAUUACAAAAUUUCUGGGA,"[[7, 24], [8, 23], [9, 22], [10, 21], [11, 20], [12, 19]]"
prueba361,AUUCGGAAAUUUCACCAGAAAUUUGGUCUA,"[[7, 24], [8, 23], [9, 22], [10, 21], [11, 20], [12, 19]]"
prueba362,CCAAGCAAAUUUAAUCAGAAAUUUCAAACA,"[[7, 24], [8, 23], [9, 22], [10, 21], [11, 20], [12, 19]]"
prueba363,GCACUCAAAUUUUGGGGCAAAUUUAAGCAU,"[[7, 24], [8, 23], [9, 22], [10, 21], [11, 20], [12, 19]]"
prueba364,CAGGCGAAAUUUACUGCUAAAUUUGAGUCA,"[[7, 24], [8, 23], [9, 22], [10, 21], [11, 20], [12, 19]]"
prueba365,CCGACCAAAUUUAUCCAAAAAUUUUACCUG,"[[7, 24], [8, 23], [9, 22], [10, 21], [11, 20], [12, 19]]"
prueba366,AUCCCGAAAUUUAACGCCAAAUUUUAAAGG,"[[7, 24], [8, 23], [9, 22], [10, 21], [11, 20], [12, 19]]"
prueba367,UUGAAAAAAUUUGCCGUUAAAUUUGACUGC,"[[7, 24], [8, 23], [9, 22], [10, 21], [11, 20], [12, 19]]"
prueba368,UGGUUAAAAUUUCACAUUAAAUUUGUUCGU,"[[7, 24], [8, 23], [9, 22], [10, 21], [11, 20], [12, 19]]"
prueba369,UUGAUAAAAUUUGGUGGCAAAUUUCGUCCA,"[[7, 24], [8, 23], [9, 22], [10, 21], [11, 20], [12, 19]]"
prueba370,GAGGUAAAAUUUUACCGUAAAUUUAGCGGC,"[[7, 24], [8, 23], [9, 22], [10, 21], [11, 20], [12, 19]]"
prueba371,AGAUUAAAAUUUCAGCGCAAAUUUCGCGGU,"[[7, 24], [8, 23], [9, 22], [10, 21], [11, 20], [12, 19]]"
prueba372,UAAUCCAAAUUUAAAUCCAAAUUUUUUUCC,"[[7, 24], [8, 23], [9, 22], [10, 21], [11, 20], [12, 19]]"
prueba373,UCAAGAAAAUUUCUAUUGAAAUUUUUCUUG,"[[7, 24], [8, 23], [9, 22], [10, 21], [11, 20], [12, 19]]"
prueba374,CCCCGAAAAUUUAUAACGAAAUUUUGUAUU,"[[7, 24], [8, 23], [9, 22], [10, 21], [11, 20], [12, 19]]"
prueba375,GGCAGUAAAUUUGUUGACAAAUUUGCACAU,"[[7, 24], [8, 23], [9, 22], [10, 21], [11, 20], [12, 19]]"
prueba376,CGAUCCAAAUUUUUCCUUAAAUUUUAAGUC,"[[7, 24], [8, 23], [9, 22], [10, 21], [11, 20], [12, 19]]"
prueba377,AUAGAAAAAUUUCGAUCCAAAUUUAUACGC,"[[7, 24], [8, 23], [9, 22], [10, 21], [11, 20], [12, 19]]"
prueba378,CGUUGAAAAUUUAUGGCCAAAUUUGGCGGC,"[[7, 24], [8, 23], [9, 22], [10, 21], [11, 20], [12, 19]]"
prueba379,GGUAUAAAAUUUCGCUUUAAAUUUAGUCAC,"[[7, 24], [8, 23], [9, 22], [10, 21], [11, 20], [12, 19]]"
prueba380,CGUUAGAAAUUUCCUAACAAAUUUUACACG,"[[7, 24], [8, 23], [9, 22], [10, 21], [11, 20], [12, 19]]"
prueba381,ACCUGCAAAUUUUUGCUAAAAUUUCACUGU,"[[7, 24], [8, 23], [9, 22], [10, 21], [11, 20], [12, 19]]"
prueba382,GUUCAGAAAUUUAACAUAAAAUUUAAUCGU,"[[7, 24], [8, 23], [9, 22], [10, 21], [11, 20], [12, 19]]"
prueba383,CGUACGAAAUUUUCGAUUAAAUUUCACCUU,"[[7, 24], [8, 23], [9, 22], [10, 21], [11, 20], [12, 19]]"
prueba384,GCCCGAAAAUUUGCUCAAAAAUUUUCCGUU,"[[7, 24], [8, 23], [9, 22], [10, 21], [11, 20], [12, 19]]"
prueba385,CCGUGAAAAUUUCAUCGAAAAUUUGGGGGC,"[[7, 24], [8, 23], [9, 22], [10, 21], [11, 20], [12, 19]]"
prueba386,UUCAAUAAAUUUUGUAGUAAAUUUAUACGU,"[[7, 24], [8, 23], [9, 22], [10, 21], [11, 20], [12, 19]]"
prueba387,ACAGUGAAAUUUUUCAAUAAAUUUCGGAAG,"[[7, 24], [8, 23], [9, 22], [10, 21], [11, 20], [12, 19]]"
prueba388,UUACCUAAAUUUUUUCUCAAAUUUAACCAA,"[[7, 24], [8, 23], [9, 22], [10, 21], [11, 20], [12, 19]]"
prueba389,UGACUGAAAUUUGCACACAAAUUUAUUGCG,"[[7, 24], [8, 23], [9, 22], [10, 21], [11, 20], [12, 19]]"
prueba390,UCGGCUAAAUUUUCUAUUAAAUUUCGACCU,"[[7, 24], [8, 23], [9, 22], [10, 21], [11, 20], [12, 19]]"
prueba391,AACUUGAAAUUUACAUGCAAAUUUCAGCGC,"[[7, 24], [8, 23], [9, 22], [10, 21], [11, 20], [12, 19]]"
prueba392,CCGUCCAAAUUUUCAAUAAAAUUUACGAUG,"[[7, 24], [8, 23], [9, 22], [10, 21], [11, 20], [12, 19]]"
prueba393,AUAGUUAAAUUUCCGGCCAAAUUUAAGACU,"[[7, 24], [8, 23], [9, 22], [10, 21], [11, 20], [12, 19]]"
prueba394,AAAAGUAAAUUUAAAAUUAAAUUUGUGAUA,"[[7, 24], [8, 23], [9, 22], [10, 21], [11, 20], [12, 19]]"
prueba395,UUAUUAAAAUUUUACCCAAAAUUUUGCGAC,"[[7, 24], [8, 23], [9, 22], [10, 21], [11, 20], [12, 19]]"
prueba396,GAAGCAAAAUUUUACAAGAAAUUUUGGCAG,"[[7, 24], [8, 23], [9, 22], [10, 21], [11, 20], [12, 19]]"
prueba397,CAAGUUAAAUUUGUCCUAAAAUUUGAGUCU,"[[7, 24], [8, 23], [9, 22], [10, 21], [11, 20], [12, 19]]"
prueba398,AUUCCAAAAUUUAAGACGAAAUUUAGGAAG,"[[7, 24], [8, 23], [9, 22], [10, 21], [11, 20], [12, 19]]"
prueba399,UCUUCAAAAUUUAUCCCUAAAUUUCGUGAG,"[[7, 24], [8, 23], [9, 22], [10, 21], [11, 20], [12, 19]]"
prueba400,CACAUUAAAUUUAUUAACAAAUUUCUACAU,"[[7, 24], [8, 23], [9, 22], [10, 21], [11, 20], [12, 19]]"
prueba401,UUAAAUAAAUUUGACGGGAAAUUUGCGCUC,"[[7, 24], [8, 23], [9, 22], [10, 21], [11, 20], [12, 19]]"
prueba402,UCCAUGAAAUUUUCUUGCAAAUUUGGAUGG,"[[7, 24], [8, 23], [9, 22], [10, 21], [11, 20], [12, 19]]"
prueba403,GCUAAUAAAUUUAAAUUAAAAUUUUCGCGG,"[[7, 24], [8, 23], [9, 22], [10, 21], [11, 20], [12, 19]]"
prueba404,UUAGAAAAAUUUUAAAGUAAAUUUUCAUCG,"[[7, 24], [8, 23], [9, 22], [10, 21], [11, 20], [12, 19]]"
prueba405,GCGUCGAAAUUUCCCAUUAAAUUUUGAACC,"[[7, 24], [8, 23], [9, 22], [10, 21], [11, 20], [12, 19]]"
prueba406,AGACUGAAAUUUACCCAGAAAUUUUGGCUG,"[[7, 24], [8, 23], [9, 22], [10, 21], [11, 20], [12, 19]]"
prueba407,CUAAUGAAAUUUGUUUACAAAUUUAGCAAC,"[[7, 24], [8, 23], [9, 22], [10, 21], [11, 20], [12, 19]]"
prueba408,ACAAGCAAAUUUCUUGCGAAAUUUGACUGG,"[[7, 24], [8, 23], [9, 22], [10, 21], [11, 20], [12, 19]]"
prueba409,CUGUUGAAAUUUUAUGAGAAAUUUGACCAU,"[[7, 24], [8, 23], [9, 22], [10, 21], [11, 20], [12, 19]]"
prueba410,ACAGCGAAAUUUUUGUUAAAAUUUUUGUUC,"[[7, 24], [8, 23], [9, 22], [10, 21], [11, 20], [12, 19]]"
prueba411,CCUUACAAAUUUCAGCGAAAAUUUAACUUA,"[[7, 24], [8, 23], [9, 22], [10, 21], [11, 20], [12, 19]]"
prueba412,ACCCACAAAUUUGGGGAUAAAUUUGAACGG,"[[7, 24], [8, 23], [9, 22], [10, 21], [11, 20], [12, 19]]"
prueba413,GCGAGCAAAUUUGUGCGAAAAUUUAUCUUU,"[[7, 24], [8, 23], [9, 22], [10, 21], [11, 20], [12, 19]]"
prueba414,UGAACGAAAUUUCCUGAGAAAUUUUACGGC,"[[7, 24], [8, 23], [9, 22], [10, 21], [11, 20], [12, 19]]"
prueba415,UCAAUAAAAUUUGUUAAUAAAUUUAUAUAU,"[[7, 24], [8, 23], [9, 22], [10, 21], [11, 20], [12, 19]]"
prueba416,CUGAAGAAAUUUUGUUUCAAAUUUGAUUAG,"[[7, 24], [8, 23], [9, 22], [10, 21], [11, 20], [12, 19]]"
prueba417,GUCCUGAAAUUUUCACUCAAAUUUACUUUA,"[[7, 24], [8, 23], [9, 22], [10, 21], [11, 20], [12, 19]]"
prueba418,AUUCGUAAAUUUUCUUAGAAAUUUUAGUAU,"[[7, 24], [8, 23], [9, 22], [10, 21], [11, 20], [12, 19]]"
prueba419,GAGUUCAAAUUUUGUGUAAAAUUUUUCUAG,"[[7, 24], [8, 23], [9, 22], [10, 21], [11, 20], [12, 19]]"
prueba420,GUCAUUAAAUUUCACGAUAAAUUUCACAAA,"[[7, 24], [8, 23], [9, 22], [10, 21], [11, 20], [12, 19]]"
prueba421,GAAAAUAAAUUUCUGAAAAAAUUUCAUGUA,"[[7, 24], [8, 23], [9, 22], [10, 21], [11, 20], [12, 19]]"
prueba422,GACAUUAAAUUUCUCCUAAAAUUUUGAGCU,"[[7, 24], [8, 23], [9, 22], [10, 21], [11, 20], [12, 19]]"
prueba423,CCGGAUAAAUUUUGGAGUAAAUUUGGGCAG,"[[7, 24], [8, 23], [9, 22], [10, 21], [11, 20], [12, 19]]"
prueba424,CUAUUCAAAUUUCUCACCAAAUUUUUCCUC,"[[7, 24], [8, 23], [9, 22], [10, 21], [11, 20], [12, 19]]"
prueba425,UCAGCCAAAUUUUUUAGCAAAUUUUUUACA,"[[7, 24], [8, 23], [9, 22], [10, 21], [11, 20], [12, 19]]"
prueba426,UGAACUAAAUUUAGUACCAAAUUUACGAGA,"[[7, 24], [8, 23], [9, 22], [10, 21], [11, 20], [12, 19]]"
prueba427,CUAACGAAAUUUCUACCGAAAUUUUAUUUA,"[[7, 24], [8, 23], [9, 22], [10, 21], [11, 20], [12, 19]]"
prueba428,CCGGUAAAAUUUAUCUGAAAAUUUCCAACA,"[[7, 24], [8, 23], [9, 22], [10, 21], [11, 20], [12, 19]]"
prueba429,UAAUUGAAAUUUUGAUUGAAAUUUUGUAUC,"[[7, 24], [8, 23], [9, 22], [10, 21], [11, 20], [12, 19]]"
prueba430,AUCAGGAAAUUUAGAACGAAAUUUUAUUAA,"[[7, 24], [8, 23], [9, 22], [10, 21], [11, 20], [12, 19]]"
prueba431,GGCGUUAAAUUUAGCAACAAAUUUUAGACC,"[[7, 24], [8, 23], [9, 22], [10, 21], [11, 20], [12, 19]]"
prueba432,UGAGUAAAAUUUCUGUUGAAAUUUUUGCGU,"[[7, 24], [8, 23], [9, 22], [10, 21], [11, 20], [12, 19]]"
prueba433,CCAUUAAAAUUUUACGGUAAAUUUUCAGAG,"[[7, 24], [8, 23], [9, 22], [10, 21], [11, 20], [12, 19]]"
prueba434,GACUAAAAAUUUCUGGUGAAAUUUUCGAUU,"[[7, 24], [8, 23], [9, 22], [10, 21], [11, 20], [12, 19]]"
prueba435,CGUUUGAAAUUUAAGGGGAAAUUUUUUUUG,"[[7, 24], [8, 23], [9, 22], [10, 21], [11, 20], [12, 19]]"
prueba436,AAAUGCAAAUUUUGAGCUAAAUUUCGCAUU,"[[7, 24], [8, 23], [9, 22], [10, 21], [11, 20], [12, 19]]"
prueba437,CGUGUUAAAUUUCUUGACAAAUUUACGUCA,"[[7, 24], [8, 23], [9, 22], [10, 21], [11, 20], [12, 19]]"
prueba438,GUCAACAAAUUUAAGCCCAAAUUUAGCGUG,"[[7, 24], [8, 23], [9, 22], [10, 21], [11, 20], [12, 19]]"
prueba439,ACACGCAAAUUUUGGAACAAAUUUUGAAGU,"[[7, 24], [8, 23], [9, 22], [10, 21], [11, 20], [12, 19]]"
prueba440,GACAUAAAAUUUCACCCCAAAUUUGUCAUA,"[[7, 24], [8, 23], [9, 22], [10, 21], [11, 20], [12, 19]]"
prueba441,ACGCUUAAAUUUUCGAAGAAAUUUAACUUC,"[[7, 24], [8, 23], [9, 22], [10, 21], [11, 20], [12, 19]]"
prueba442,UGUUGGAAAUUUGCUCCAAAAUUUAAGUCA,"[[7, 24], [8, 23], [9, 22], [10, 21], [11, 20], [12, 19]]"
prueba443,CGUUGGAAAUUUGAGUGGAAAUUUACUAUC,"[[7, 24], [8, 23], [9, 22], [10, 21], [11, 20], [12, 19]]"
prueba444,GUCGCGAAAUUUCCCGAGAAAUUUAGGGGA,"[[7, 24], [8, 23], [9, 22], [10, 21], [11, 20], [12, 19]]"
prueba445,GGCCUGAAAUUUCGCCGUAAAUUUGCUCCA,"[[7, 24], [8, 23], [9, 22], [10, 21], [11, 20], [12, 19]]"
prueba446,UCGAAGAAAUUUCAACGGAAAUUUCAUGAA,"[[7, 24], [8, 23], [9, 22], [10, 21], [11, 20], [12, 19]]"
prueba447,CGAGCGAAAUUUGAGGGGAAAUUUUAUUCA,"[[7, 24], [8, 23], [9, 22], [10, 21], [11, 20], [12, 19]]"
prueba448,UCCAAGAAAUUUCACCUUAAAUUUCAGUGU,"[[7, 24], [8, 23], [9, 22], [10, 21], [11, 20], [12, 19]]"
prueba449,UACAGGAAAUUUUGAAUAAAAUUUAUCGGG,"[[7, 24], [8, 23], [9, 22], [10, 21], [11, 20], [12, 19]]"
prueba450,ACUUUUAAAUUUUUGUGGAAAUUUAAUAUG,"[[7, 24], [8, 23], [9, 22], [10, 21], [11, 20], [12, 19]]"
prueba451,ACGGGGAAAUUUGCUCUAAAAUUUUAUUAG,"[[7, 24], [8, 23], [9, 22], [10, 21], [11, 20], [12, 19]]"
prueba452,GCUGAGAAAUUUCACGCGAAAUUUGACAGU,"[[7, 24], [8, 23], [9, 22], [10, 21], [11, 20], [12, 19]]"
prueba453,UGAAAAAAAUUUGCGGAUAAAUUUUAUCAU,"[[7, 24], [8, 23], [9, 22], [10, 21], [11, 20], [12, 19]]"
prueba454,GUAACUAAAUUUAGUCGAAAAUUUCAGUAG,"[[7, 24], [8, 23], [9, 22], [10, 21], [11, 20], [12, 19]]"
prueba455,GGCGGCAAAUUUGCGCUAAAAUUUCCCCUG,"[[7, 24], [8, 23], [9, 22], [10, 21], [11, 20], [12, 19]]"
prueba456,UAGGGGAAAUUUAUUCACAAAUUUAAACCG,"[[7, 24], [8, 23], [9, 22], [10, 21], [11, 20], [12, 19]]"
prueba457,GUGUUUAAAUUUGAGGUCAAAUUUCAGACU,"[[7, 24], [8, 23], [9, 22], [10, 21], [11, 20], [12, 19]]"
prueba458,GCCGUGAAAUUUUUGCUGAAAUUUGCCGUC,"[[7, 24], [8, 23], [9, 22], [10, 21], [11, 20], [12, 19]]"
prueba459,UUCCUUAAAUUUCUACGCAAAUUUCAGUUA,"[[7, 24], [8, 23], [9, 22], [10, 21], [11, 20], [12, 19]]"
prueba460,GAGAAUAAAUUUUUCGUGAAAUUUUUGGGU,"[[7, 24], [8, 23], [9, 22], [10, 21], [11, 20], [12, 19]]"
prueba461,GAUGUCAAAUUUCUUCAUAAAUUUAGACAA,"[[7, 24], [8, 23], [9, 22], [10, 21], [11, 20], [12, 19]]"
prueba462,UGAUAAAAAUUUCAAAACAAAUUUGGCUCC,"[[7, 24], [8, 23], [9, 22], [10, 21], [11, 20], [12, 19]]"
prueba463,AGAAAUAAAUUUCGGGUUAAAUUUACAGAC,"[[7, 24], [8, 23], [9, 22], [10, 21], [11, 20], [12, 19]]"
prueba464,ACACCCAAAUUUGAUAAAAAAUUUCAUUGA,"[[7, 24], [8, 23], [9, 22], [10, 21], [11, 20], [12, 19]]"
prueba465,UCGCCGAAAUUUCAUCAAAAAUUUUAUCGC,"[[7, 24], [8, 23], [9, 22], [10, 21], [11, 20], [12, 19]]"
prueba466,CACAUGAAAUUUCCUUAUAAAUUUUUCAUC,"[[7, 24], [8, 23], [9, 22], [10, 21], [11, 20], [12, 19]]"
prueba467,AUGUUAAAAUUUAAGUUUAAAUUUAGGGCU,"[[7, 24], [8, 23], [9, 22], [10, 21], [11, 20], [12, 19]]"
prueba468,CGUGGAAAAUUUCACCUUAAAUUUCAAGUA,"[[7, 24], [8, 23], [9, 22], [10, 21], [11, 20], [12, 19]]"
prueba469,CGCUCCAAAUUUAUUGGCAAAUUUGUCUUU,"[[7, 24], [8, 23], [9, 22], [10, 21], [11, 20], [12, 19]]"
prueba470,AGGCGGAAAUUUAUAAUGAAAUUUACGGAC,"[[7, 24], [8, 23], [9, 22], [10, 21], [11, 20], [12, 19]]"
prueba471,ACUGCGAAAUUUGCCGUAAAAUUUGUAUUU,"[[7, 24], [8, 23], [9, 22], [10, 21], [11, 20], [12, 19]]"
prueba472,UUACCUAAAUUUACACAAAAAUUUCAGUGU,"[[7, 24], [8, 23], [9, 22], [10, 21], [11, 20], [12, 19]]"
prueba473,CAAGAAAAAUUUGUUCAUAAAUUUAGAGUC,"[[7, 24], [8, 23], [9, 22], [10, 21], [11, 20], [12, 19]]"
prueba474,GCAGGUAAAUUUAGCACCAAAUUUUACUCA,"[[7, 24], [8, 23], [9, 22], [10, 21], [11, 20], [12, 19]]"
prueba475,UAAUCAAAAUUUAACUGAAAAUUUUUAGAG,"[[7, 24], [8, 23], [9, 22], [10, 21], [11, 20], [12, 19]]"
prueba476,GAGAUAAAAUUUGACGUUAAAUUUGCCGGA,"[[7, 24], [8, 23], [9, 22], [10, 21], [11, 20], [12, 19]]"
prueba477,UUGUCCAAAUUUGGACCUAAAUUUGCUGAG,"[[7, 24], [8, 23], [9, 22], [10, 21], [11, 20], [12, 19]]"
prueba478,ACCUUCAAAUUUGCGGGAAAAUUUCAAUAG,"[[7, 24], [8, 23], [9, 22], [10, 21], [11, 20], [12, 19]]"
prueba479,UCGGAUAAAUUUCACCGCAAAUUUUGGAUG,"[[7, 24], [8, 23], [9, 22], [10, 21], [11, 20], [12, 19]]"
prueba480,UCAGCGAAAUUUUCCGGGAAAUUUGGAGAC,"[[7, 24], [8, 23], [9, 22], [10, 21], [11, 20], [12, 19]]"
prueba481,UCCAGCAAAUUUUUUUAUAAAUUUCGGUGC,"[[7, 24], [8, 23], [9, 22], [10, 21], [11, 20], [12, 19]]"
prueba482,UUCGCUAAAUUUCGCCAGAAAUUUCUCGAC,"[[7, 24], [8, 23], [9, 22], [10, 21], [11, 20], [12, 19]]"
prueba483,CGAUGAAAAUUUUAUGGUAAAUUUUUCCCA,"[[7, 24], [8, 23], [9, 22], [10, 21], [11, 20], [12, 19]]"
prueba484,CAAGGGAAAUUUGUGCUUAAAUUUGAUAAU,"[[7, 24], [8, 23], [9, 22], [10, 21], [11, 20], [12, 19]]"
prueba485,UAUUGUAAAUUUUAAUGCAAAUUUAAAAGA,"[[7, 24], [8, 23], [9, 22], [10, 21], [11, 20], [12, 19]]"
prueba486,GGAGCCAAAUUUUGUGGAAAAUUUGGGGAG,"[[7, 24], [8, 23], [9, 22], [10, 21], [11, 20], [12, 19]]"
prueba487,AGACCGAAAUUUCCGGUCAAAUUUUUUUUA,"[[7, 24], [8, 23], [9, 22], [10, 21], [11, 20], [12, 19]]"
prueba488,CAUUUCAAAUUUAUGGUGAAAUUUGACCAU,"[[7, 24], [8, 23], [9, 22], [10, 21], [11, 20], [12, 19]]"
prueba489,GCAACUAAAUUUUUAACUAAAUUUGGGGCG,"[[7, 24], [8, 23], [9, 22], [10, 21], [11, 20], [12, 19]]"
prueba490,GUCUCGAAAUUUGUGCAUAAAUUUGAAUAA,"[[7, 24], [8, 23], [9, 22], [10, 21], [11, 20], [12, 19]]"
prueba491,GAGUAAAAAUUUUCGCCGAAAUUUUAAUCC,"[[7, 24], [8, 23], [9, 22], [10, 21], [11, 20], [12, 19]]"
prueba492,UAUGAGAAAUUUCAAACUAAAUUUGCCGAG,"[[7, 24], [8, 23], [9, 22], [10, 21], [11, 20], [12, 19]]"
prueba493,CUUACUAAAUUUCUCUCAAAAUUUGUCAAU,"[[7, 24], [8, 23], [9, 22], [10, 21], [11, 20], [12, 19]]"
prueba494,GAUUGGAAAUUUUCCGGCAAAUUUCUUCCU,"[[7, 24], [8, 23], [9, 22], [10, 21], [11, 20], [12, 19]]"
prueba495,AGGGAGAAAUUUUCGGGGAAAUUUAAAGAG,"[[7, 24], [8, 23], [9, 22], [10, 21], [11, 20], [12, 19]]"
prueba496,AGUUUUAAAUUUUUGCAUAAAUUUUUGAGC,"[[7, 24], [8, 23], [9, 22], [10, 21], [11, 20], [12, 19]]"
prueba497,CGCAGCAAAUUUAGCGGCAAAUUUAACAGU,"[[7, 24], [8, 23], [9, 22], [10, 21], [11, 20], [12, 19]]"
prueba498,ACACAGAAAUUUCACUGCAAAUUUGCGAAA,"[[7, 24], [8, 23], [9, 22], [10, 21], [11, 20], [12, 19]]"
prueba499,ACCUCCAAAUUUAUAAUAAAAUUUCCUUAC,"[[7, 24], [8, 23], [9, 22], [10, 21], [11, 20], [12, 19]]"
prueba500,UUCCGUAAAUUUACUUCGAAAUUUCAAACC,"[[7, 24], [8, 23], [9, 22], [10, 21], [11, 20], [12, 19]]"
prueba501,AACUGCAAAUUUCGGAGGAAAUUUGUUUAA,"[[7, 24], [8, 23], [9, 22], [10, 21], [11, 20], [12, 19]]"
prueba502,UUUGGCAAAUUUAAGCUUAAAUUUGUCCGA,"[[7, 24], [8, 23], [9, 22], [10, 21], [11, 20], [12, 19]]"
prueba503,CCUUUCAAAUUUCAUUAUAAAUUUGCGCGC,"[[7, 24], [8, 23], [9, 22], [10, 21], [11, 20], [12, 19]]"
prueba504,CGUAGCAAAUUUAUCCCGAAAUUUUAGACU,"[[7, 24], [8, 23], [9, 22], [10, 21], [11, 20], [12, 19]]"
prueba505,ACGAACAAAUUUAACACCAAAUUUUACAAC,"[[7, 24], [8, 23], [9, 22], [10, 21], [11, 20], [12, 19]]"
prueba506,CACAAAAAAUUUGAUGGCAAAUUUCACCCU,"[[7, 24], [8, 23], [9, 22], [10, 21], [11, 20], [12, 19]]"
prueba507,GAUAGUAAAUUUCUCACAAAAUUUACUCGC,"[[7, 24], [8, 23], [9, 22], [10, 21], [11, 20], [12, 19]]"
prueba508,AGUUUCAAAUUUCGAGGAAAAUUUCAUAUG,"[[7, 24], [8, 23], [9, 22], [10, 21], [11, 20], [12, 19]]"
prueba509,UAGAUCAAAUUUUCGCAAAAAUUUUCAGUC,"[[7, 24], [8, 23], [9, 22], [10, 21], [11, 20], [12, 19]]"
prueba510,GACGAAAAAUUUGCCGGCAAAUUUUUUCGA,"[[7, 24], [8, 23], [9, 22], [10, 21], [11, 20], [12, 19]]"
prueba511,GAACAUAAAUUUAUGGAUAAAUUUAGACUG,"[[7, 24], [8, 23], [9, 22], [10, 21], [11, 20], [12, 19]]"
prueba512,CGUCAUAAAUUUAACGGUAAAUUUCUGCAG,"[[7, 24], [8, 23], [9, 22], [10, 21], [11, 20], [12, 19]]"
prueba513,UGCAUGAAAUUUGACUAUAAAUUUAGCAUU,"[[7, 24], [8, 23], [9, 22], [10, 21], [11, 20], [12, 19]]"
prueba514,CCCGGAAAAUUUUGUGAUAAAUUUUGAAGC,"[[7, 24], [8, 23], [9, 22], [10, 21], [11, 20], [12, 19]]"
prueba515,CGAGUCAAAUUUCAAGCGAAAUUUUGUUAG,"[[7, 24], [8, 23], [9, 22], [10, 21], [11, 20], [12, 19]]"
prueba516,CAGGACAAAUUUCGUUCAAAAUUUUGUCCC,"[[7, 24], [8, 23], [9, 22], [10, 21], [11, 20], [12, 19]]"
prueba517,AUGAACAAAUUUUAGACGAAAUUUGAUUUU,"[[7, 24], [8, 23], [9, 22], [10, 21], [11, 20], [12, 19]]"
prueba518,AUUCACAAAUUUUAACGAAAAUUUUGUCAA,"[[7, 24], [8, 23], [9, 22], [10, 21], [11, 20], [12, 19]]"
prueba519,CUUGUAAAAUUUAGUGCAAAAUUUUACGUC,"[[7, 24], [8, 23], [9, 22], [10, 21], [11, 20], [12, 19]]"
prueba520,CGCUUAAAAUUUGGCCCCAAAUUUGGCCCG,"[[7, 24], [8, 23], [9, 22], [10, 21], [11, 20], [12, 19]]"
prueba521,AUAACGAAAUUUUAGAAAAAAUUUAGGUCA,"[[7, 24], [8, 23], [9, 22], [10, 21], [11, 20], [12, 19]]"
prueba522,AUGAGCAAAUUUUGUCUUAAAUUUUGUCAG,"[[7, 24], [8, 23], [9, 22], [10, 21], [11, 20], [12, 19]]"
prueba523,UUGAUGAAAUUUGAGCCCAAAUUUCAGCGU,"[[7, 24], [8, 23], [9, 22], [10, 21], [11, 20], [12, 19]]"
prueba524,UUUGAUAAAUUUUGCACCAAAUUUUAGUAC,"[[7, 24], [8, 23], [9, 22], [10, 21], [11, 20], [12, 19]]"
prueba525,GAGCAUAAAUUUCUUCAUAAAUUUCAAGAC,"[[7, 24], [8, 23], [9, 22], [10, 21], [11, 20], [12, 19]]"
prueba526,UUACCCAAAUUUAAUAGCAAAUUUCUCGCG,"[[7, 24], [8, 23], [9, 22], [10, 21], [11, 20], [12, 19]]"
prueba527,GUUACAAAAUUUAGCUUGAAAUUUUAGCUC,"[[7, 24], [8, 23], [9, 22], [10, 21], [11, 20], [12, 19]]"
prueba528,UUUAGAAAAUUUAAUGUGAAAUUUGAUAGA,"[[7, 24], [8, 23], [9, 22], [10, 21], [11, 20], [12, 19]]"
prueba529,UUUUGGAAAUUUCGGUGGAAAUUUGGCAAC,"[[7, 24], [8, 23], [9, 22], [10, 21], [11, 20], [12, 19]]"
prueba530,AUUUUGAAAUUUUAUCUGAAAUUUGCAUAA,"[[7, 24], [8, 23], [9, 22], [10, 21], [11, 20], [12, 19]]"
prueba531,AGCAGAAAAUUUACAGACAAAUUUUUUAUU,"[[7, 24], [8, 23], [9, 22], [10, 21], [11, 20], [12, 19]]"
prueba532,CCGCGCAAAUUUUCGAGCAAAUUUCCUCGC,"[[7, 24], [8, 23], [9, 22], [10, 21], [11, 20], [12, 19]]"
prueba533,CCACCCAAAUUUACUUAAAAAUUUAACCCA,"[[7, 24], [8, 23], [9, 22], [10, 21], [11, 20], [12, 19]]"
prueba534,ACGGGCAAAUUUCUAUAGAAAUUUCCGCCG,"[[7, 24], [8, 23], [9, 22], [10, 21], [11, 20], [12, 19]]"
prueba535,AGGAUGAAAUUUCUAGAGAAAUUUGACAGC,"[[7, 24], [8, 23], [9, 22], [10, 21], [11, 20], [12, 19]]"
prueba536,GUGCAGAAAUUUGCAGGGAAAUUUUUUUUU,"[[7, 24], [8, 23], [9, 22], [10, 21], [11, 20], [12, 19]]"
prueba537,UGAGACAAAUUUGCCAUGAAAUUUCUGGAA,"[[7, 24], [8, 23], [9, 22], [10, 21], [11, 20], [12, 19]]"
prueba538,AUACUUAAAUUUUAACCAAAAUUUUUCUCC,"[[7, 24], [8, 23], [9, 22], [10, 21], [11, 20], [12, 19]]"
prueba539,GCAUGUAAAUUUGAGGGCAAAUUUGAUGUU,"[[7, 24], [8, 23], [9, 22], [10, 21], [11, 20], [12, 19]]"
prueba540,ACUGCUAAAUUUCACUAGAAAUUUACAUUC,"[[7, 24], [8, 23], [9, 22], [10, 21], [11, 20], [12, 19]]"
prueba541,UCCGUUAAAUUUUCAUUCAAAUUUCUCAAU,"[[7, 24], [8, 23], [9, 22], [10, 21], [11, 20], [12, 19]]"
prueba542,CCCGGAAAAUUUAUGGUAAAAUUUAUCUUG,"[[7, 24], [8, 23], [9, 22], [10, 21], [11, 20], [12, 19]]"
prueba543,GCUCCAAAAUUUACUCGUAAAUUUCGCAAA,"[[7, 24], [8, 23], [9, 22], [10, 21], [11, 20], [12, 19]]"
prueba544,UAGUGAAAAUUUCACCGGAAAUUUGUAAAA,"[[7, 24], [8, 23], [9, 22], [10, 21], [11, 20], [12, 19]]"
prueba545,UACGCAAAAUUUCAUCACAAAUUUGGCGAA,"[[7, 24], [8, 23], [9, 22], [10, 21], [11, 20], [12, 19]]"
prueba546,CCAGCUAAAUUUGAAAGCAAAUUUUCGCUC,"[[7, 24], [8, 23], [9, 22], [10, 21], [11, 20], [12, 19]]"
prueba547,GGGGAAAAAUUUACGAGCAAAUUUGUAAAU,"[[7, 24], [8, 23], [9, 22], [10, 21], [11, 20], [12, 19]]"
prueba548,UCGACAAAAUUUGAGCAAAAAUUUCGUUUU,"[[7, 24], [8, 23], [9, 22], [10, 21], [11, 20], [12, 19]]"
prueba549,AAUAUCAAAUUUCUAGUUAAAUUUGCGACC,"[[7, 24], [8, 23], [9, 22], [10, 21], [11, 20], [12, 19]]"
prueba550,UACUGCAAAUUUUGCCGAAAAUUUUGCACA,"[[7, 24], [8, 23], [9, 22], [10, 21], [11, 20], [12, 19]]"
prueba551,GUGCCUAAAUUUCUGGGUAAAUUUUGUAAU,"[[7, 24], [8, 23], [9, 22], [10, 21], [11, 20], [12, 19]]"
prueba552,UAGUCAAAAUUUCCCGCAAAAUUUUAUUCC,"[[7, 24], [8, 23], [9, 22], [10, 21], [11, 20], [12, 19]]"
prueba553,UUGUCAAAAUUUAGACGGAAAUUUCACCUU,"[[7, 24], [8, 23], [9, 22], [10, 21], [11, 20], [12, 19]]"
prueba554,GUCAACAAAUUUUGGUGGAAAUUUUUGGAU,"[[7, 24], [8, 23], [9, 22], [10, 21], [11, 20], [12, 19]]"
prueba555,AAGUGUAAAUUUGACGUAAAAUUUGACAUC,"[[7, 24], [8, 23], [9, 22], [10, 21], [11, 20], [12, 19]]"
prueba556,CGGAGUAAAUUUAUGACAAAAUUUCCGAAG,"[[7, 24], [8, 23], [9, 22], [10, 21], [11, 20], [12, 19]]"
prueba557,UCCGGAAAAUUUGCGCUUAAAUUUGGCUAC,"[[7, 24], [8, 23], [9, 22], [10, 21], [11, 20], [12, 19]]"
prueba558,CGUCUUAAAUUUACAGCAAAAUUUUCCGCG,"[[7, 24], [8, 23], [9, 22], [10, 21], [11, 20], [12, 19]]"
prueba559,AUUAUUAAAUUUUCGGUCAAAUUUUGUCGG,"[[7, 24], [8, 23], [9, 22], [10, 21], [11, 20], [12, 19]]"
prueba560,CUUCUUAAAUUUUCACACAAAUUUGGUGAC,"[[7, 24], [8, 23], [9, 22], [10, 21], [11, 20], [12, 19]]"
prueba561,CAUAGGAAAUUUAAUGGAAAAUUUUUCGCA,"[[7, 24], [8, 23], [9, 22], [10, 21], [11, 20], [12, 19]]"
prueba562,UGUCAGAAAUUUAGAUGAAAAUUUCAUAUA,"[[7, 24], [8, 23], [9, 22], [10, 21], [11, 20], [12, 19]]"
prueba563,CCAGUCAAAUUUAGCUGGAAAUUUACAGGU,"[[7, 24], [8, 23], [9, 22], [10, 21], [11, 20], [12, 19]]"
prueba564,AAUCUUAAAUUUAGUCCCAAAUUUGAGGCA,"[[7, 24], [8, 23], [9, 22], [10, 21], [11, 20], [12, 19]]"
prueba565,GCUACUAAAUUUAACAGGAAAUUUCGAUAU,"[[7, 24], [8, 23], [9, 22], [10, 21], [11, 20], [12, 19]]"
prueba566,AAACGAAAAUUUACUAAUAAAUUUAAGACG,"[[7, 24], [8, 23], [9, 22], [10, 21], [11, 20], [12, 19]]"
prueba567,CCGAGAAAAUUUAACGACAAAUUUGGGCGU,"[[7, 24], [8, 23], [9, 22], [10, 21], [11, 20], [12, 19]]"
prueba568,GACGUUAAAUUUGGAAUUAAAUUUUCGUGC,"[[7, 24], [8, 23], [9, 22], [10, 21], [11, 20], [12, 19]]"
prueba569,CCAUAAAAAUUUUUUUUCAAAUUUCAUUCU,"[[7, 24], [8, 23], [9, 22], [10, 21], [11, 20], [12, 19]]"
prueba570,ACAAUCAAAUUUUUGGACAAAUUUAGGGAC,"[[7, 24], [8, 23], [9, 22], [10, 21], [11, 20], [12, 19]]"
prueba571,AUCAGUAAAUUUUUCUAUAAAUUUUUGCAG,"[[7, 24], [8, 23], [9, 22], [10, 21], [11, 20], [12, 19]]"
prueba572,AGGACUAAAUUUAGCUGUAAAUUUAUUUGU,"[[7, 24], [8, 23], [9, 22], [10, 21], [11, 20], [12, 19]]"
prueba573,UCCGCAAAAUUUCUAGCUAAAUUUGGGGCG,"[[7, 24], [8, 23], [9, 22], [10, 21], [11, 20], [12, 19]]"
prueba574,GGAGUGAAAUUUAGUCGGAAAUUUUAGCUU,"[[7, 24], [8, 23], [9, 22], [10, 21], [11, 20], [12, 19]]"
prueba575,UAUAAGAAAUUUCUUUGAAAAUUUCGUCAA,"[[7, 24], [8, 23], [9, 22], [10, 21], [11, 20], [12, 19]]"
prueba576,GCGCGUAAAUUUCAUCGCAAAUUUGGAACA,"[[7, 24], [8, 23], [9, 22], [10, 21], [11, 20], [12, 19]]"
prueba577,UUCGGUAAAUUUGAUGGAAAAUUUGUCAUG,"[[7, 24], [8, 23], [9, 22], [10, 21], [11, 20], [12, 19]]"
prueba578,UCCUCGAAAUUUUAGAUUAAAUUUAUGAAA,"[[7, 24], [8, 23], [9, 22], [10, 21], [11, 20], [12, 19]]"
prueba579,CGUAGGAAAUUUCUGGCAAAAUUUUUGCUC,"[[7, 24], [8, 23], [9, 22], [10, 21], [11, 20], [12, 19]]"
prueba580,CCUAUCAAAUUUUGUUGCAAAUUUUCGCUA,"[[7, 24], [8, 23], [9, 22], [10, 21], [11, 20], [12, 19]]"
prueba581,AGCUACAAAUUUAACCGGAAAUUUGGCGAG,"[[7, 24], [8, 23], [9, 22], [10, 21], [11, 20], [12, 19]]"
prueba582,CUUAAUAAAUUUUAACAGAAAUUUCCCAAU,"[[7, 24], [8, 23], [9, 22], [10, 21], [11, 20], [12, 19]]"
prueba583,CCAGACAAAUUUCUCUUUAAAUUUAGCGUA,"[[7, 24], [8, 23], [9, 22], [10, 21], [11, 20], [12, 19]]"
prueba584,UGUCAGAAAUUUGGUAUGAAAUUUACUUGG,"[[7, 24], [8, 23], [9, 22], [10, 21], [11, 20], [12, 19]]"
prueba585,AUUCAGAAAUUUACACGCAAAUUUUGGACU,"[[7, 24], [8, 23], [9, 22], [10, 21], [11, 20], [12, 19]]"
prueba586,CAAAGCAAAUUUCUUGCCAAAUUUGCUUAA,"[[7, 24], [8, 23], [9, 22], [10, 21], [11, 20], [12, 19]]"
prueba587,GCACAAAAAUUUCACUCCAAAUUUGGGAUG,"[[7, 24], [8, 23], [9, 22], [10, 21], [11, 20], [12, 19]]"
prueba588,ACGGAUAAAUUUGCGUCGAAAUUUGGCGCC,"[[7, 24], [8, 23], [9, 22], [10, 21], [11, 20], [12, 19]]"
prueba589,GCGUGUAAAUUUGUGACCAAAUUUAGGUCG,"[[7, 24], [8, 23], [9, 22], [10, 21], [11, 20], [12, 19]]"
prueba590,ACUGGGAAAUUUGUUCGAAAAUUUUGGCUG,"[[7, 24], [8, 23], [9, 22], [10, 21], [11, 20], [12, 19]]"
prueba591,CAUCGUAAAUUUUUAAGGAAAUUUUGGCAA,"[[7, 24], [8, 23], [9, 22], [10, 21], [11, 20], [12, 19]]"
prueba592,GUUACUAAAUUUACCGCGAAAUUUGCGGCA,"[[7, 24], [8, 23], [9, 22], [10, 21], [11, 20], [12, 19]]"
prueba593,AAAGCGAAAUUUCCUUGAAAAUUUCGGCUC,"[[7, 24], [8, 23], [9, 22], [10, 21], [11, 20], [12, 19]]"
prueba594,CACAAGAAAUUUCUUUGCAAAUUUAGCCUU,"[[7, 24], [8, 23], [9, 22], [10, 21], [11, 20], [12, 19]]"
prueba595,CUUUCGAAAUUUAAUGGGAAAUUUUGAAAA,"[[7, 24], [8, 23], [9, 22], [10, 21], [11, 20], [12, 19]]"
prueba596,UGAAGAAAAUUUCUCCUGAAAUUUGUACGG,"[[7, 24], [8, 23], [9, 22], [10, 21], [11, 20], [12, 19]]"
prueba597,AUGACAAAAUUUCGCAUUAAAUUUGGUCCU,"[[7, 24], [8, 23], [9, 22], [10, 21], [11, 20], [12, 19]]"
prueba598,GCCUGAAAAUUUAAGAACAAAUUUCUCAUG,"[[7, 24], [8, 23], [9, 22], [10, 21], [11, 20], [12, 19]]"
prueba599,GCCUAGAAAUUUUUCCUUAAAUUUUCCCCC,"[[7, 24], [8, 23], [9, 22], [10, 21], [11, 20], [12, 19]]"
prueba600,UGAGCAAAAUUUUUCGUAAAAUUUCAUUGA,"[[7, 24], [8, 23], [9, 22], [10, 21], [11, 20], [12, 19]]"
prueba601,AACCCUAAAUUUGUCCUAAAAUUUGUGGGG,"[[7, 24], [8, 23], [9, 22], [10, 21], [11, 20], [12, 19]]"
prueba602,CCAGGUAAAUUUCGAAUAAAAUUUCCGUUA,"[[7, 24], [8, 23], [9, 22], [10, 21], [11, 20], [12, 19]]"
prueba603,CUCCCGAAAUUUGACUCAAAAUUUCAUUAU,"[[7, 24], [8, 23], [9, 22], [10, 21], [11, 20], [12, 19]]"
prueba604,AGUAGCAAAUUUGCCGUUAAAUUUCCUCGU,"[[7, 24], [8, 23], [9, 22], [10, 21], [11, 20], [12, 19]]"
prueba605,CUUCUUAAAUUUAUGGGUAAAUUUAUAUGC,"[[7, 24], [8, 23], [9, 22], [10, 21], [11, 20], [12, 19]]"
prueba606,AGUAAAAAAUUUAACUUCAAAUUUUGGCUC,"[[7, 24], [8, 23], [9, 22], [10, 21], [11, 20], [12, 19]]"
prueba607,GUACUAAAAUUUUGAAUGAAAUUUUGCUCG,"[[7, 24], [8, 23], [9, 22], [10, 21], [11, 20], [12, 19]]"
prueba608,AUUCCAAAAUUUCUUCUUAAAUUUAAACGC,"[[7, 24], [8, 23], [9, 22], [10, 21], [11, 20], [12, 19]]"
prueba609,UAUUCCAAAUUUGAAAAAAAAUUUAGGGCU,"[[7, 24], [8, 23], [9, 22], [10, 21], [11, 20], [12, 19]]"
prueba610,AAAAAAAAAUUUCAUAGAAAAUUUGUUGAG,"[[7, 24], [8, 23], [9, 22], [10, 21], [11, 20], [12, 19]]"
prueba611,AUUUCCAAAUUUCAGACUAAAUUUAGCAGG,"[[7, 24], [8, 23], [9, 22], [10, 21], [11, 20], [12, 19]]"
prueba612,GAUUCCAAAUUUUGUGUUAAAUUUUAGACA,"[[7, 24], [8, 23], [9, 22], [10, 21], [11, 20], [12, 19]]"
prueba613,CACGUAAAAUUUCCACCCAAAUUUCCCCAU,"[[7, 24], [8, 23], [9, 22], [10, 21], [11, 20], [12, 19]]"
prueba614,UGGAUAAAAUUUGUGACCAAAUUUCAACUG,"[[7, 24], [8, 23], [9, 22], [10, 21], [11, 20], [12, 19]]"
prueba615,UUAAUCAAAUUUCGACGGAAAUUUGGGUCA,"[[7, 24], [8, 23], [9, 22], [10, 21], [11, 20], [12, 19]]"
prueba616,UAUGCGAAAUUUGUUCAUAAAUUUUCUAAC,"[[7, 24], [8, 23], [9, 22], [10, 21], [11, 20], [12, 19]]"
prueba617,UUAUGCAAAUUUCACACAAAAUUUGGGUGU,"[[7, 24], [8, 23], [9, 22], [10, 21], [11, 20], [12, 19]]"
prueba618,UCCAGUAAAUUUGCCCUGAAAUUUUGUCGU,"[[7, 24], [8, 23], [9, 22], [10, 21], [11, 20], [12, 19]]"
prueba619,AUCGAAAAAUUUACGGACAAAUUUGCAUAG,"[[7, 24], [8, 23], [9, 22], [10, 21], [11, 20], [12, 19]]"
prueba620,UUGAUGAAAUUUCCCCGAAAAUUUGACCGU,"[[7, 24], [8, 23], [9, 22], [10, 21], [11, 20], [12, 19]]"
prueba621,CUAGGUAAAUUUCCGUUGAAAUUUGAGCGU,"[[7, 24], [8, 23], [9, 22], [10, 21], [11, 20], [12, 19]]"
prueba622,GUCAGGAAAUUUGCUCUAAAAUUUCUGAUU,"[[7, 24], [8, 23], [9, 22], [10, 21], [11, 20], [12, 19]]"
prueba623,UGGAUCAAAUUUCUAUGGAAAUUUUGAACA,"[[7, 24], [8, 23], [9, 22], [10, 21], [11, 20], [12, 19]]"
prueba624,AGGACUAAAUUUUUUCGGAAAUUUUUAUCC,"[[7, 24], [8, 23], [9, 22], [10, 21], [11, 20], [12, 19]]"
prueba625,ACGCCUAAAUUUGAAUCUAAAUUUCGUAUU,"[[7, 24], [8, 23], [9, 22], [10, 21], [11, 20], [12, 19]]"
prueba626,AAAGGUAAAUUUGCUUCCAAAUUUUAAAUG,"[[7, 24], [8, 23], [9, 22], [10, 21], [11, 20], [12, 19]]"
prueba627,UGAUGAAAAUUUGGCCAGAAAUUUCUUGUA,"[[7, 24], [8, 23], [9, 22], [10, 21], [11, 20], [12, 19]]"
prueba628,GACUGCAAAUUUGGUACGAAAUUUCUGGGA,"[[7, 24], [8, 23], [9, 22], [10, 21], [11, 20], [12, 19]]"
prueba629,GAAUCGAAAUUUAUCGCGAAAUUUCGGGAA,"[[7, 24], [8, 23], [9, 22], [10, 21], [11, 20], [12, 19]]"
prueba630,CCAAGUAAAUUUUAUACAAAAUUUCUCACU,"[[7, 24], [8, 23], [9, 22], [10, 21], [11, 20], [12, 19]]"
prueba631,UCAAAGAAAUUUUGGUAUAAAUUUACGAGU,"[[7, 24], [8, 23], [9, 22], [10, 21], [11, 20], [12, 19]]"
prueba632,UCUUGAAAAUUUCCCAGAAAAUUUGCGGAC,"[[7, 24], [8, 23], [9, 22], [10, 21], [11, 20], [12, 19]]"
prueba633,UUGUGGAAAUUUCCCUGAAAAUUUCGCGCU,"[[7, 24], [8, 23], [9, 22], [10, 21], [11, 20], [12, 19]]"
prueba634,CAUGCCAAAUUUCCACGCAAAUUUAGGCUC,"[[7, 24], [8, 23], [9, 22], [10, 21], [11, 20], [12, 19]]"
prueba635,UUCGUUAAAUUUCCUGUCAAAUUUAUGACG,"[[7, 24], [8, 23], [9, 22], [10, 21], [11, 20], [12, 19]]"
prueba636,UGUCCCAAAUUUACCCACAAAUUUGAGCUU,"[[7, 24], [8, 23], [9, 22], [10, 21], [11, 20], [12, 19]]"
prueba637,AGUGGCAAAUUUUGAGGUAAAUUUUGCGCU,"[[7, 24], [8, 23], [9, 22], [10, 21], [11, 20], [12, 19]]"
prueba638,GGCGGAAAAUUUGUGGACAAAUUUCAAUUG,"[[7, 24], [8, 23], [9, 22], [10, 21], [11, 20], [12, 19]]"
prueba639,GGAAGGAAAUUUUACCAGAAAUUUGGGUAG,"[[7, 24], [8, 23], [9, 22], [10, 21], [11, 20], [12, 19]]"
prueba640,GCUCGAAAAUUUGUAUAUAAAUUUGUGUGA,"[[7, 24], [8, 23], [9, 22], [10, 21], [11, 20], [12, 19]]"
prueba641,GAGGGAAAAUUUCGUACCAAAUUUAGAACG,"[[7, 24], [8, 23], [9, 22], [10, 21], [11, 20], [12, 19]]"
prueba642,AUGGUCAAAUUUUAUUCAAAAUUUAUCAGA,"[[7, 24], [8, 23], [9, 22], [10, 21], [11, 20], [12, 19]]"
prueba643,AAAGAGAAAUUUGAUGGGAAAUUUCAGAAC,"[[7, 24], [8, 23], [9, 22], [10, 21], [11, 20], [12, 19]]"
prueba644,CCCAACAAAUUUUAGAGAAAAUUUGUGCGU,"[[7, 24], [8, 23], [9, 22], [10, 21], [11, 20], [12, 19]]"
prueba645,CGGAUAAAAUUUUUCUGUAAAUUUUUGUUU,"[[7, 24], [8, 23], [9, 22], [10, 21], [11, 20], [12, 19]]"
prueba646,GAAAUGAAAUUUAGCUUUAAAUUUGCCUAG,"[[7, 24], [8, 23], [9, 22], [10, 21], [11, 20], [12, 19]]"
prueba647,UUUCCGAAAUUUUCGGCGAAAUUUACCGCC,"[[7, 24], [8, 23], [9, 22], [10, 21], [11, 20], [12, 19]]"
prueba648,CCGUUGAAAUUUACAUCUAAAUUUACCGCA,"[[7, 24], [8, 23], [9, 22], [10, 21], [11, 20], [12, 19]]"
prueba649,AGAAACAAAUUUUGUGAAAAAUUUAGUAUC,"[[7, 24], [8, 23], [9, 22], [10, 21], [11, 20], [12, 19]]"
prueba650,CUAACCAAAUUUCGUGUUAAAUUUCCCGUG,"[[7, 24], [8, 23], [9, 22], [10, 21], [11, 20], [12, 19]]"
prueba651,CCGAUAAAAUUUUUUAUCAAAUUUGAUACA,"[[7, 24], [8, 23], [9, 22], [10, 21], [11, 20], [12, 19]]"
prueba652,UCUUGGAAAUUUAUGGCUAAAUUUACAACU,"[[7, 24], [8, 23], [9, 22], [10, 21], [11, 20], [12, 19]]"
prueba653,UUUGGCAAAUUUCAUGCCAAAUUUCUCGAU,"[[7, 24], [8, 23], [9, 22], [10, 21], [11, 20], [12, 19]]"
prueba654,AAGGUUAAAUUUUUUGUGAAAUUUAGUCUA,"[[7, 24], [8, 23], [9, 22], [10, 21], [11, 20], [12, 19]]"
prueba655,GGCAGCAAAUUUAGGGAGAAAUUUUGGGUA,"[[7, 24], [8, 23], [9, 22], [10, 21], [11, 20], [12, 19]]"
prueba656,AUUAACAAAUUUCGAUUUAAAUUUCGACGC,"[[7, 24], [8, 23], [9, 22], [10, 21], [11, 20], [12, 19]]"
prueba657,UUCUAAAAAUUUACAUUGAAAUUUCUUUAG,"[[7, 24], [8, 23], [9, 22], [10, 21], [11, 20], [12, 19]]"
prueba658,CACUAUAAAUUUUGCUGGAAAUUUAGCUGG,"[[7, 24], [8, 23], [9, 22], [10, 21], [11, 20], [12, 19]]"
prueba659,CUCCAGAAAUUUCCGGCCAAAUUUAGCGUA,"[[7, 24], [8, 23], [9, 22], [10, 21], [11, 20], [12, 19]]"
prueba660,UCCUCCAAAUUUGGCGGGAAAUUUUACUGG,"[[7, 24], [8, 23], [9, 22], [10, 21], [11, 20], [12, 19]]"
prueba661,UGGACAAAAUUUCGGUUAAAAUUUACCCUG,"[[7, 24], [8, 23], [9, 22], [10, 21], [11, 20], [12, 19]]"
prueba662,AAAGAUAAAUUUAGGAUUAAAUUUGAUAGG,"[[7, 24], [8, 23], [9, 22], [10, 21], [11, 20], [12, 19]]"
prueba663,UUGUUGAAAUUUCGUCAUAAAUUUUUUAUC,"[[7, 24], [8, 23], [9, 22], [10, 21], [11, 20], [12, 19]]"
prueba664,UCCGGGAAAUUUUGACAAAAAUUUAGUUAG,"[[7, 24], [8, 23], [9, 22], [10, 21], [11, 20], [12, 19]]"
prueba665,UUACAGAAAUUUAAAAUAAAAUUUGAUCCC,"[[7, 24], [8, 23], [9, 22], [10, 21], [11, 20], [12, 19]]"
prueba666,CUAUUAAAAUUUAGGGGCAAAUUUUUUUGA,"[[7, 24], [8, 23], [9, 22], [10, 21], [11, 20], [12, 19]]"
prueba667,CUGAGUAAAUUUGAUUAUAAAUUUUUUGCU,"[[7, 24], [8, 23], [9, 22], [10, 21], [11, 20], [12, 19]]"
prueba668,AGGACAAAAUUUGAGGUUAAAUUUCCGCCG,"[[7, 24], [8, 23], [9, 22], [10, 21], [11, 20], [12, 19]]"
prueba669,CGGGAUAAAUUUUCACUGAAAUUUGCUAGG,"[[7, 24], [8, 23], [9, 22], [10, 21], [11, 20], [12, 19]]"
prueba670,GACUCGAAAUUUCUAUUUAAAUUUGACCAG,"[[7, 24], [8, 23], [9, 22], [10, 21], [11, 20], [12, 19]]"
prueba671,CUUCAGAAAUUUAGUCGCAAAUUUACAGAA,"[[7, 24], [8, 23], [9, 22], [10, 21], [11, 20], [12, 19]]"
prueba672,CGCAGUAAAUUUAGCUCUAAAUUUGCCUAU,"[[7, 24], [8, 23], [9, 22], [10, 21], [11, 20], [12, 19]]"
prueba673,ACUGUGAAAUUUUUGCGGAAAUUUUUGACA,"[[7, 24], [8, 23], [9, 22], [10, 21], [11, 20], [12, 19]]"
prueba674,GUCAGCAAAUUUGUUAAUAAAUUUUAAUCA,"[[7, 24], [8, 23], [9, 22], [10, 21], [11, 20], [12, 19]]"
prueba675,CGUGAAAAAUUUACCGAUAAAUUUUCGCAA,"[[7, 24], [8, 23], [9, 22], [10, 21], [11, 20], [12, 19]]"
prueba676,CUUCCGAAAUUUAUUAGCAAAUUUCCCUCA,"[[7, 24], [8, 23], [9, 22], [10, 21], [11, 20], [12, 19]]"
prueba677,GAGCACAAAUUUCCUGCUAAAUUUAAAAUU,"[[7, 24], [8, 23], [9, 22], [10, 21], [11, 20], [12, 19]]"
prueba678,CCGAUAAAAUUUUGAUCCAAAUUUAGGAGU,"[[7, 24], [8, 23], [9, 22], [10, 21], [11, 20], [12, 19]]"
prueba679,GCGCAUAAAUUUCUCACGAAAUUUACUAUG,"[[7, 24], [8, 23], [9, 22], [10, 21], [11, 20], [12, 19]]"
prueba680,AGGUGGAAAUUUGUCUCUAAAUUUAGGCCG,"[[7, 24], [8, 23], [9, 22], [10, 21], [11, 20], [12, 19]]"
prueba681,GGUUAGAAAUUUCUCGAGAAAUUUCUUACA,"[[7, 24], [8, 23], [9, 22], [10, 21], [11, 20], [12, 19]]"
prueba682,UACGAGAAAUUUGAAUGUAAAUUUCACCCU,"[[7, 24], [8, 23], [9, 22], [10, 21], [11, 20], [12, 19]]"
prueba683,UGUCAGAAAUUUUCGACGAAAUUUCCCGUA,"[[7, 24], [8, 23], [9, 22], [10, 21], [11, 20], [12, 19]]"
prueba684,CAGCUAAAAUUUCUCCGCAAAUUUCUCCAC,"[[7, 24], [8, 23], [9, 22], [10, 21], [11, 20], [12, 19]]"
prueba685,GCUUUCAAAUUUUUAGCAAAAUUUGUGUAU,"[[7, 24], [8, 23], [9, 22], [10, 21], [11, 20], [12, 19]]"
prueba686,AUUUGGAAAUUUCCGCGGAAAUUUGCCAUA,"[[7, 24], [8, 23], [9, 22], [10, 21], [11, 20], [12, 19]]"
prueba687,UUGUGGAAAUUUCCAUUCAAAUUUACGCUC,"[[7, 24], [8, 23], [9, 22], [10, 21], [11, 20], [12, 19]]"
prueba688,UCCUGCAAAUUUCCCUUUAAAUUUGAGCCA,"[[7, 24], [8, 23], [9, 22], [10, 21], [11, 20], [12, 19]]"
prueba689,UCAUUAAAAUUUAUAGAAAAAUUUUACCCA,"[[7, 24], [8, 23], [9, 22], [10, 21], [11, 20], [12, 19]]"
prueba690,AGUCGCAAAUUUGGGCACAAAUUUCCAUUG,"[[7, 24], [8, 23], [9, 22], [10, 21], [11, 20], [12, 19]]"
prueba691,CCUGACAAAUUUGCAUCGAAAUUUCAGUGG,"[[7, 24], [8, 23], [9, 22], [10, 21], [11, 20], [12, 19]]"
prueba692,GGGCAUAAAUUUGGACUGAAAUUUUCAACC,"[[7, 24], [8, 23], [9, 22], [10, 21], [11, 20], [12, 19]]"
prueba693,GGAUGUAAAUUUGUACAAAAAUUUAAACAA,"[[7, 24], [8, 23], [9, 22], [10, 21], [11, 20], [12, 19]]"
prueba694,UAAGACAAAUUUAUGUAGAAAUUUCCAAAC,"[[7, 24], [8, 23], [9, 22], [10, 21], [11, 20], [12, 19]]"
prueba695,GUCGCGAAAUUUCUUCCGAAAUUUAGUCGG,"[[7, 24], [8, 23], [9, 22], [10, 21], [11, 20], [12, 19]]"
prueba696,GCCCGAAAAUUUGUAUGAAAAUUUCUUGUU,"[[7, 24], [8, 23], [9, 22], [10, 21], [11, 20], [12, 19]]"
prueba697,GUCGCUAAAUUUAUGUCUAAAUUUCCACUA,"[[7, 24], [8, 23], [9, 22], [10, 21], [11, 20], [12, 19]]"
prueba698,UUUAGGAAAUUUCAUUUGAAAUUUUGCGCC,"[[7, 24], [8, 23], [9, 22], [10, 21], [11, 20], [12, 19]]"
prueba699,GCUCAAAAAUUUUUUGUGAAAUUUAUAUAU,"[[7, 24], [8, 23], [9, 22], [10, 21], [11, 20], [12, 19]]"
prueba700,ACCUCAAAAUUUGUCUUGAAAUUUCUGCUG,"[[7, 24], [8, 23], [9, 22], [10, 21], [11, 20], [12, 19]]"
prueba701,ACUAGGAAAUUUCGGCUCAAAUUUUAGGCC,"[[7, 24], [8, 23], [9, 22], [10, 21], [11, 20], [12, 19]]"
prueba702,AUAUUAAAAUUUCCGGAAAAAUUUAAAUGA,"[[7, 24], [8, 23], [9, 22], [10, 21], [11, 20], [12, 19]]"
prueba703,CGUGCGAAAUUUGAAUCGAAAUUUGGGCAG,"[[7, 24], [8, 23], [9, 22], [10, 21], [11, 20], [12, 19]]"
prueba704,AAAGUGAAAUUUCAUUAAAAAUUUCCUGAG,"[[7, 24], [8, 23], [9, 22], [10, 21], [11, 20], [12, 19]]"
prueba705,CCCCACAAAUUUCCCAGGAAAUUUUCCUCU,"[[7, 24], [8, 23], [9, 22], [10, 21], [11, 20], [12, 19]]"
prueba706,AGCGGAAAAUUUCGGGCGAAAUUUGCCUAU,"[[7, 24], [8, 23], [9, 22], [10, 21], [11, 20], [12, 19]]"
prueba707,AAGAGUAAAUUUAGUCGAAAAUUUCAUGGU,"[[7, 24], [8, 23], [9, 22], [10, 21], [11, 20], [12, 19]]"
prueba708,UGAUGCAAAUUUUCAUACAAAUUUCCCCGA,"[[7, 24], [8, 23], [9, 22], [10, 21], [11, 20], [12, 19]]"
prueba709,GGGCGAAAAUUUUACGCGAAAUUUUUGAGU,"[[7, 24], [8, 23], [9, 22], [10, 21], [11, 20], [12, 19]]"
prueba710,GUAUAAAAAUUUACCCGCAAAUUUGUCAAG,"[[7, 24], [8, 23], [9, 22], [10, 21], [11, 20], [12, 19]]"
prueba711,UUGCAAAAAUUUUUCAUCAAAUUUCUUUUA,"[[7, 24], [8, 23], [9, 22], [10, 21], [11, 20], [12, 19]]"
prueba712,UGGGCAAAAUUUCAUUACAAAUUUGGCCGU,"[[7, 24], [8, 23], [9, 22], [10, 21], [11, 20], [12, 19]]"
prueba713,CCUCUGAAAUUUGUCGUCAAAUUUCUCUGC,"[[7, 24], [8, 23], [9, 22], [10, 21], [11, 20], [12, 19]]"
prueba714,CUAUCUAAAUUUCGUGACAAAUUUAGUAGG,"[[7, 24], [8, 23], [9, 22], [10, 21], [11, 20], [12, 19]]"
prueba715,UCGAAGAAAUUUUAAUACAAAUUUCAGAAC,"[[7, 24], [8, 23], [9, 22], [10, 21], [11, 20], [12, 19]]"
prueba716,CAUACCAAAUUUAUGAUAAAAUUUGGUUCA,"[[7, 24], [8, 23], [9, 22], [10, 21], [11, 20], [12, 19]]"
prueba717,CACUGAAAAUUUAAGUCCAAAUUUCGACCC,"[[7, 24], [8, 23], [9, 22], [10, 21], [11, 20], [12, 19]]"
prueba718,AUUCAGAAAUUUCGCACCAAAUUUGUGGUA,"[[7, 24], [8, 23], [9, 22], [10, 21], [11, 20], [12, 19]]"
prueba719,UAAACGAAAUUUGUAGAAAAAUUUUAUUGU,"[[7, 24], [8, 23], [9, 22], [10, 21], [11, 20], [12, 19]]"
prueba720,UCUGAUAAAUUUAAGUUUAAAUUUAGGUAU,"[[7, 24], [8, 23], [9, 22], [10, 21], [11, 20], [12, 19]]"
prueba721,AGGAGGAAAUUUAUCUGGAAAUUUGAGGGC,"[[7, 24], [8, 23], [9, 22], [10, 21], [11, 20], [12, 19]]"
prueba722,GCGUGAAAAUUUAUCUGGAAAUUUUUGGCC,"[[7, 24], [8, 23], [9, 22], [10, 21], [11, 20], [12, 19]]"
prueba723,CACCAGAAAUUUGUACACAAAUUUCAAAAA,"[[7, 24], [8, 23], [9, 22], [10, 21], [11, 20], [12, 19]]"
prueba724,CCCGUGAAAUUUCUGUAUAAAUUUAUGGUC,"[[7, 24], [8, 23], [9, 22], [10, 21], [11, 20], [12, 19]]"
prueba725,CCCCAUAAAUUUAAAUCGAAAUUUUCCCGG,"[[7, 24], [8, 23], [9, 22], [10, 21], [11, 20], [12, 19]]"
prueba726,GUCCAGAAAUUUGCUUUAAAAUUUACACUU,"[[7, 24], [8, 23], [9, 22], [10, 21], [11, 20], [12, 19]]"
prueba727,GACGCUAAAUUUCAGCACAAAUUUGAGGAU,"[[7, 24], [8, 23], [9, 22], [10, 21], [11, 20], [12, 19]]"
prueba728,CGGUACAAAUUUCACGUUAAAUUUUAGUGG,"[[7, 24], [8, 23], [9, 22], [10, 21], [11, 20], [12, 19]]"
prueba729,CUCCAUAAAUUUCAAUCAAAAUUUCCAUAU,"[[7, 24], [8, 23], [9, 22], [10, 21], [11, 20], [12, 19]]"
prueba730,CAGCCGAAAUUUAGUCACAAAUUUCUGAAC,"[[7, 24], [8, 23], [9, 22], [10, 21], [11, 20], [12, 19]]"
prueba731,UUGAAUAAAUUUCCGAUGAAAUUUAUGUGA,"[[7, 24], [8, 23], [9, 22], [10, 21], [11, 20], [12, 19]]"
prueba732,UAGUGAAAAUUUCUUGGGAAAUUUGCAAUC,"[[7, 24], [8, 23], [9, 22], [10, 21], [11, 20], [12, 19]]"
prueba733,CUCCUUAAAUUUCUACUAAAAUUUAUGACA,"[[7, 24], [8, 23], [9, 22], [10, 21], [11, 20], [12, 19]]"
prueba734,CGGGCGAAAUUUAGUUAAAAAUUUAUCUAA,"[[7, 24], [8, 23], [9, 22], [10, 21], [11, 20], [12, 19]]"
prueba735,ACUGCCAAAUUUGGUUAUAAAUUUGCAGGG,"[[7, 24], [8, 23], [9, 22], [10, 21], [11, 20], [12, 19]]"
prueba736,CAUAAUAAAUUUCGAGUGAAAUUUACCAUU,"[[7, 24], [8, 23], [9, 22], [10, 21], [11, 20], [12, 19]]"
prueba737,ACGCAUAAAUUUUAUCUAAAAUUUUGCGGC,"[[7, 24], [8, 23], [9, 22], [10, 21], [11, 20], [12, 19]]"
prueba738,AACCGGAAAUUUUUUGCAAAAUUUAUGAUA,"[[7, 24], [8, 23], [9, 22], [10, 21], [11, 20], [12, 19]]"
prueba739,AUAAGGAAAUUUACCCGGAAAUUUGGAACC,"[[7, 24], [8, 23], [9, 22], [10, 21], [11, 20], [12, 19]]"
prueba740,GAGAAUAAAUUUUCACUAAAAUUUACCCCU,"[[7, 24], [8, 23], [9, 22], [10, 21], [11, 20], [12, 19]]"
prueba741,AAUCUUAAAUUUCGGGGCAAAUUUUGCUAA,"[[7, 24], [8, 23], [9, 22], [10, 21], [11, 20], [12, 19]]"
prueba742,AAUCAAAAAUUUCGAGAGAAAUUUCCUGAG,"[[7, 24], [8, 23], [9, 22], [10, 21], [11, 20], [12, 19]]"
prueba743,AACGACAAAUUUGCUGACAAAUUUACUUUA,"[[7, 24], [8, 23], [9, 22], [10, 21], [11, 20], [12, 19]]"
prueba744,UGCGACAAAUUUAUUGAAAAAUUUACUGUG,"[[7, 24], [8, 23], [9, 22], [10, 21], [11, 20], [12, 19]]"
prueba745,AACGUAAAAUUUAUAUUGAAAUUUGACUCA,"[[7, 24], [8, 23], [9, 22], [10, 21], [11, 20], [12, 19]]"
prueba746,UAGGAAAAAUUUGACGAUAAAUUUUGACGA,"[[7, 24], [8, 23], [9, 22], [10, 21], [11, 20], [12, 19]]"
prueba747,ACCCCAAAAUUUGCUUGUAAAUUUCCCUUA,"[[7, 24], [8, 23], [9, 22], [10, 21], [11, 20], [12, 19]]"
prueba748,GGAUUUAAAUUUGAAGGAAAAUUUCCGACA,"[[7, 24], [8, 23], [9, 22], [10, 21], [11, 20], [12, 19]]"
prueba749,AACCUUAAAUUUACUGCAAAAUUUGUAAUG,"[[7, 24], [8, 23], [9, 22], [10, 21], [11, 20], [12, 19]]"
prueba750,UCACCAAAAUUUGCAUUAAAAUUUUGAUUG,"[[7, 24], [8, 23], [9, 22], [10, 21], [11, 20], [12, 19]]"
prueba751,GUCAGCAAAUUUGGUACAAAAUUUAACCUG,"[[7, 24], [8, 23], [9, 22], [10, 21], [11, 20], [12, 19]]"
prueba752,ACCGUCAAAUUUUACGACAAAUUUCCACUU,"[[7, 24], [8, 23], [9, 22], [10, 21], [11, 20], [12, 19]]"
prueba753,AAUGCGAAAUUUCUUGUAAAAUUUAGCAUU,"[[7, 24], [8, 23], [9, 22], [10, 21], [11, 20], [12, 19]]"
prueba754,UCAGUCAAAUUUUUUAAAAAAUUUUAUAAA,"[[7, 24], [8, 23], [9, 22], [10, 21], [11, 20], [12, 19]]"
prueba755,GGUCUGAAAUUUCUGAUAAAAUUUGCCAAA,"[[7, 24], [8, 23], [9, 22], [10, 21], [11, 20], [12, 19]]"
prueba756,UCCAUAAAAUUUACUAGGAAAUUUUACGUU,"[[7, 24], [8, 23], [9, 22], [10, 21], [11, 20], [12, 19]]"
prueba757,GUGCCGAAAUUUUUACCCAAAUUUAUUUUA,"[[7, 24], [8, 23], [9, 22], [10, 21], [11, 20], [12, 19]]"
prueba758,GACAACAAAUUUCAUGUAAAAUUUCGUGAG,"[[7, 24], [8, 23], [9, 22], [10, 21], [11, 20], [12, 19]]"
prueba759,AGAAAUAAAUUUCAGGAAAAAUUUCGUGUC,"[[7, 24], [8, 23], [9, 22], [10, 21], [11, 20], [12, 19]]"
prueba760,CCGCAUAAAUUUUCGUGGAAAUUUGAAAAC,"[[7, 24], [8, 23], [9, 22], [10, 21], [11, 20], [12, 19]]"
prueba761,AGACGUAAAUUUCCCUCGAAAUUUCUUUGC,"[[7, 24], [8, 23], [9, 22], [10, 21], [11, 20], [12, 19]]"
prueba762,GCGGUUAAAUUUCACAGCAAAUUUACUGUU,"[[7, 24], [8, 23], [9, 22], [10, 21], [11, 20], [12, 19]]"
prueba763,CGCACCAAAUUUCAUGCGAAAUUUGGCCCU,"[[7, 24], [8, 23], [9, 22], [10, 21], [11, 20], [12, 19]]"
prueba764,AGUCGUAAAUUUGUCACAAAAUUUUCCCGA,"[[7, 24], [8, 23], [9, 22], [10, 21], [11, 20], [12, 19]]"
prueba765,AUAGGGAAAUUUCAUUUUAAAUUUAACGGA,"[[7, 24], [8, 23], [9, 22], [10, 21], [11, 20], [12, 19]]"
prueba766,GCAUGCAAAUUUUCUUUUAAAUUUCAUCCA,"[[7, 24], [8, 23], [9, 22], [10, 21], [11, 20], [12, 19]]"
prueba767,UAAAAAAAAUUUCGCCGGAAAUUUCCGCCU,"[[7, 24], [8, 23], [9, 22], [10, 21], [11, 20], [12, 19]]"
prueba768,CGAGCUAAAUUUUACCUGAAAUUUCCAGCA,"[[7, 24], [8, 23], [9, 22], [10, 21], [11, 20], [12, 19]]"
prueba769,AUCAAGAAAUUUACGGCAAAAUUUUACCGG,"[[7, 24], [8, 23], [9, 22], [10, 21], [11, 20], [12, 19]]"
prueba770,AUCUUGAAAUUUAAAUGUAAAUUUCGUAUU,"[[7, 24], [8, 23], [9, 22], [10, 21], [11, 20], [12, 19]]"
prueba771,ACAAAUAAAUUUCCUCUAAAAUUUCCCAAC,"[[7, 24], [8, 23], [9, 22], [10, 21], [11, 20], [12, 19]]"
prueba772,UGCACAAAAUUUAUCGUGAAAUUUGGCUUU,"[[7, 24], [8, 23], [9, 22], [10, 21], [11, 20], [12, 19]]"
prueba773,GACCGAAAAUUUGCAACUAAAUUUCAAUCU,"[[7, 24], [8, 23], [9, 22], [10, 21], [11, 20], [12, 19]]"
prueba774,UUGGGAAAAUUUUGCUUUAAAUUUUAUGGU,"[[7, 24], [8, 23], [9, 22], [10, 21], [11, 20], [12, 19]]"
prueba775,CUCGAUAAAUUUCCAAUCAAAUUUCUAACG,"[[7, 24], [8, 23], [9, 22], [10, 21], [11, 20], [12, 19]]"
prueba776,ACUUACAAAUUUAGCUAUAAAUUUUUGCAC,"[[7, 24], [8, 23], [9, 22], [10, 21], [11, 20], [12, 19]]"
prueba777,CUUGUUAAAUUUGUUUUAAAAUUUCGGGGG,"[[7, 24], [8, 23], [9, 22], [10, 21], [11, 20], [12, 19]]"
prueba778,GAUUCCAAAUUUCCUCCGAAAUUUGUCACC,"[[7, 24], [8, 23], [9, 22], [10, 21], [11, 20], [12, 19]]"
prueba779,UCCCAUAAAUUUAGUACGAAAUUUCUCGGC,"[[7, 24], [8, 23], [9, 22], [10, 21], [11, 20], [12, 19]]"
prueba780,CGAACCAAAUUUGUGAUAAAAUUUGUGCCG,"[[7, 24], [8, 23], [9, 22], [10, 21], [11, 20], [12, 19]]"
prueba781,GUGCACAAAUUUCCCAGGAAAUUUGGCGAA,"[[7, 24], [8, 23], [9, 22], [10, 21], [11, 20], [12, 19]]"
prueba782,CCCCACAAAUUUGAAUGCAAAUUUUACCUA,"[[7, 24], [8, 23], [9, 22], [10, 21], [11, 20], [12, 19]]"
prueba783,GAACGUAAAUUUCAUCUUAAAUUUUAUUGG,"[[7, 24], [8, 23], [9, 22], [10, 21], [11, 20], [12, 19]]"
prueba784,CUACAGAAAUUUGAUUAGAAAUUUUGCGCC,"[[7, 24], [8, 23], [9, 22], [10, 21], [11, 20], [12, 19]]"
prueba785,AGAGGAAAAUUUAGCUUCAAAUUUAAUUAC,"[[7, 24], [8, 23], [9, 22], [10, 21], [11, 20], [12, 19]]"
prueba786,AUCCGUAAAUUUUCUCAUAAAUUUCCUGGG,"[[7, 24], [8, 23], [9, 22], [10, 21], [11, 20], [12, 19]]"
prueba787,AUGUCUAAAUUUAUUAUCAAAUUUACACUC,"[[7, 24], [8, 23], [9, 22], [10, 21], [11, 20], [12, 19]]"
prueba788,GAGGUAAAAUUUAGUGCCAAAUUUGCUAGU,"[[7, 24], [8, 23], [9, 22], [10, 21], [11, 20], [12, 19]]"
prueba789,UCAUGGAAAUUUUUGAAGAAAUUUGUCUGA,"[[7, 24], [8, 23], [9, 22], [10, 21], [11, 20], [12, 19]]"
prueba790,CAACAGAAAUUUUGAGCGAAAUUUGGACGA,"[[7, 24], [8, 23], [9, 22], [10, 21], [11, 20], [12, 19]]"
prueba791,GGCUAAAAAUUUCAACUGAAAUUUGAUUCU,"[[7, 24], [8, 23], [9, 22], [10, 21], [11, 20], [12, 19]]"
prueba792,GUUAUCAAAUUUUGCAGUAAAUUUACAGCA,"[[7, 24], [8, 23], [9, 22], [10, 21], [11, 20], [12, 19]]"
prueba793,UAUCGCAAAUUUAGAAUGAAAUUUCAGUUG,"[[7, 24], [8, 23], [9, 22], [10, 21], [11, 20], [12, 19]]"
prueba794,AGAUUCAAAUUUGGAAUGAAAUUUAGAAAA,"[[7, 24], [8, 23], [9, 22], [10, 21], [11, 20], [12, 19]]"
prueba795,CUGCUUAAAUUUUAUUCAAAAUUUUUGCUC,"[[7, 24], [8, 23], [9, 22], [10, 21], [11, 20], [12, 19]]"
prueba796,UACAGGAAAUUUACCCGCAAAUUUAUUGAC,"[[7, 24], [8, 23], [9, 22], [10, 21], [11, 20], [12, 19]]"
prueba797,UUUUGCAAAUUUUUCUAGAAAUUUGCAUAU,"[[7, 24], [8, 23], [9, 22], [10, 21], [11, 20], [12, 19]]"
prueba798,AGGUUAAAAUUUUAGAAAAAAUUUCAUACU,"[[7, 24], [8, 23], [9, 22], [10, 21], [11, 20], [12, 19]]"
prueba799,GCUCCAAAAUUUAAUUUGAAAUUUGUUGGG,"[[7, 24], [8, 23], [9, 22], [10, 21], [11, 20], [12, 19]]"
prueba800,GAGCCGAAAUUUACACAGAAAUUUUGGCGG,"[[7, 24], [8, 23], [9, 22], [10, 21], [11, 20], [12, 19]]"
prueba801,CAAGUCAAAUUUAGUUCUAAAUUUUGGUUU,"[[7, 24], [8, 23], [9, 22], [10, 21], [11, 20], [12, 19]]"
prueba802,CCAUCCAAAUUUCAUCGGAAAUUUAAACCG,"[[7, 24], [8, 23], [9, 22], [10, 21], [11, 20], [12, 19]]"
prueba803,CGCGUAAAAUUUCUCUAUAAAUUUAUGUUG,"[[7, 24], [8, 23], [9, 22], [10, 21], [11, 20], [12, 19]]"
prueba804,UAAUGGAAAUUUUCUUUCAAAUUUCGUACA,"[[7, 24], [8, 23], [9, 22], [10, 21], [11, 20], [12, 19]]"
prueba805,AAAAUUAAAUUUGACUCAAAAUUUUUUUAG,"[[7, 24], [8, 23], [9, 22], [10, 21], [11, 20], [12, 19]]"
prueba806,ACGAUGAAAUUUGAUGCUAAAUUUAUCUAG,"[[7, 24], [8, 23], [9, 22], [10, 21], [11, 20], [12, 19]]"
prueba807,ACGGAUAAAUUUGUCGCUAAAUUUUAUGAA,"[[7, 24], [8, 23], [9, 22], [10, 21], [11, 20], [12, 19]]"
prueba808,CCCUUGAAAUUUACACACAAAUUUCCUCUA,"[[7, 24], [8, 23], [9, 22], [10, 21], [11, 20], [12, 19]]"
prueba809,GCCCAUAAAUUUUUGAGAAAAUUUUGAAGU,"[[7, 24], [8, 23], [9, 22], [10, 21], [11, 20], [12, 19]]"
prueba810,CAGCGGAAAUUUGCGGGUAAAUUUGCGGUG,"[[7, 24], [8, 23], [9, 22], [10, 21], [11, 20], [12, 19]]"
prueba811,ACUCCAAAAUUUGAACAAAAAUUUCGAGUC,"[[7, 24], [8, 23], [9, 22], [10, 21], [11, 20], [12, 19]]"
prueba812,CCCAUCAAAUUUGCCAAUAAAUUUAACUAA,"[[7, 24], [8, 23], [9, 22], [10, 21], [11, 20], [12, 19]]"
prueba813,ACGUUUAAAUUUCUGACAAAAUUUUUGUCC,"[[7, 24], [8, 23], [9, 22], [10, 21], [11, 20], [12, 19]]"
prueba814,CUUAAAAAAUUUUUCAUCAAAUUUAGCUCC,"[[7, 24], [8, 23], [9, 22], [10, 21], [11, 20], [12, 19]]"
prueba815,CCGACUAAAUUUCGACGAAAAUUUACGUCA,"[[7, 24], [8, 23], [9, 22], [10, 21], [11, 20], [12, 19]]"
prueba816,GUCUGGAAAUUUUAGCACAAAUUUAUUCUU,"[[7, 24], [8, 23], [9, 22], [10, 21], [11, 20], [12, 19]]"
prueba817,CGGACCAAAUUUCCGUUCAAAUUUCCCUGG,"[[7, 24], [8, 23], [9, 22], [10, 21], [11, 20], [12, 19]]"
prueba818,AUCACCAAAUUUGAGGCUAAAUUUGUUAGU,"[[7, 24], [8, 23], [9, 22], [10, 21], [11, 20], [12, 19]]"
prueba819,GGUCAAAAAUUUCAUGGCAAAUUUCUUGUA,"[[7, 24], [8, 23], [9, 22], [10, 21], [11, 20], [12, 19]]"
prueba820,UUUACUAAAUUUGCAUGUAAAUUUCUUUCG,"[[7, 24], [8, 23], [9, 22], [10, 21], [11, 20], [12, 19]]"
prueba821,CCGCUCAAAUUUUAGUGGAAAUUUUCGGGC,"[[7, 24], [8, 23], [9, 22], [10, 21], [11, 20], [12, 19]]"
prueba822,CGCAAAAAAUUUGAUUGUAAAUUUGCAGCG,"[[7, 24], [8, 23], [9, 22], [10, 21], [11, 20], [12, 19]]"
prueba823,GACACUAAAUUUAUUCGAAAAUUUCGGUGC,"[[7, 24], [8, 23], [9, 22], [10, 21], [11, 20], [12, 19]]"
prueba824,CAAAUAAAAUUUUAUGGCAAAUUUGACACU,"[[7, 24], [8, 23], [9, 22], [10, 21], [11, 20], [12, 19]]"
prueba825,ACACGAAAAUUUGCGCUAAAAUUUUAAGGG,"[[7, 24], [8, 23], [9, 22], [10, 21], [11, 20], [12, 19]]"
prueba826,CCAGCCAAAUUUUUACUCAAAUUUCGGGAG,"[[7, 24], [8, 23], [9, 22], [10, 21], [11, 20], [12, 19]]"
prueba827,UUCAUUAAAUUUUUCUAGAAAUUUCACUUG,"[[7, 24], [8, 23], [9, 22], [10, 21], [11, 20], [12, 19]]"
prueba828,UCAAAGAAAUUUCGCCUAAAAUUUGGUCGC,"[[7, 24], [8, 23], [9, 22], [10, 21], [11, 20], [12, 19]]"
prueba829,CCGUCGAAAUUUGGGAUUAAAUUUCUCUUG,"[[7, 24], [8, 23], [9, 22], [10, 21], [11, 20], [12, 19]]"
prueba830,UCAAGCAAAUUUAAGUUCAAAUUUAAAUGU,"[[7, 24], [8, 23], [9, 22], [10, 21], [11, 20], [12, 19]]"
prueba831,UCACACAAAUUUCAAUCCAAAUUUUGUGAA,"[[7, 24], [8, 23], [9, 22], [10, 21], [11, 20], [12, 19]]"
prueba832,GAAGCGAAAUUUCGGACGAAAUUUCACUGC,"[[7, 24], [8, 23], [9, 22], [10, 21], [11, 20], [12, 19]]"
prueba833,GGAAUUAAAUUUUCCUAAAAAUUUUAAAUU,"[[7, 24], [8, 23], [9, 22], [10, 21], [11, 20], [12, 19]]"
prueba834,CUGUGCAAAUUUAGUGCGAAAUUUUGGUAA,"[[7, 24], [8, 23], [9, 22], [10, 21], [11, 20], [12, 19]]"
prueba835,CGCAAGAAAUUUCGAGCGAAAUUUAAGUUC,"[[7, 24], [8, 23], [9, 22], [10, 21], [11, 20], [12, 19]]"
prueba836,GGGGUUAAAUUUGUAGGAAAAUUUCUAGCA,"[[7, 24], [8, 23], [9, 22], [10, 21], [11, 20], [12, 19]]"
prueba837,GAGUGGAAAUUUUUUCUUAAAUUUUACACG,"[[7, 24], [8, 23], [9, 22], [10, 21], [11, 20], [12, 19]]"
prueba838,CAGUUGAAAUUUGUCCCCAAAUUUGGCGUG,"[[7, 24], [8, 23], [9, 22], [10, 21], [11, 20], [12, 19]]"
prueba839,UGUUUGAAAUUUCAAUUAAAAUUUUGGAAU,"[[7, 24], [8, 23], [9, 22], [10, 21], [11, 20], [12, 19]]"
prueba840,CAUUUAAAAUUUCGACAGAAAUUUCUGGGU,"[[7, 24], [8, 23], [9, 22], [10, 21], [11, 20], [12, 19]]"
prueba841,UGCCUAAAAUUUGCACGGAAAUUUACAAGU,"[[7, 24], [8, 23], [9, 22], [10, 21], [11, 20], [12, 19]]"
prueba842,CCCGAUAAAUUUGUAAGGAAAUUUAUCCCC,"[[7, 24], [8, 23], [9, 22], [10, 21], [11, 20], [12, 19]]"
prueba843,ACUAUAAAAUUUCCCCCUAAAUUUCUGUUU,"[[7, 24], [8, 23], [9, 22], [10, 21], [11, 20], [12, 19]]"
prueba844,GGUAGCAAAUUUGCCAGGAAAUUUUCGCUG,"[[7, 24], [8, 23], [9, 22], [10, 21], [11, 20], [12, 19]]"
prueba845,AAUCAUAAAUUUGUAUGGAAAUUUACGGGC,"[[7, 24], [8, 23], [9, 22], [10, 21], [11, 20], [12, 19]]"
prueba846,UUCUAGAAAUUUAAUUGUAAAUUUCGUAUG,"[[7, 24], [8, 23], [9, 22], [10, 21], [11, 20], [12, 19]]"
prueba847,GUACCUAAAUUUUGCUUAAAAUUUUAAAAA,"[[7, 24], [8, 23], [9, 22], [10, 21], [11, 20], [12, 19]]"
prueba848,AGAUUUAAAUUUUCAUUCAAAUUUAGGACU,"[[7, 24], [8, 23], [9, 22], [10, 21], [11, 20], [12, 19]]"
prueba849,GUAAGUAAAUUUUAAGCUAAAUUUUCUGAG,"[[7, 24], [8, 23], [9, 22], [10, 21], [11, 20], [12, 19]]"
prueba850,AGACGGAAAUUUACCCCGAAAUUUAUUUCA,"[[7, 24], [8, 23], [9, 22], [10, 21], [11, 20], [12, 19]]"
prueba851,CGCUAAAAAUUUUGCCGCAAAUUUAGCCGA,"[[7, 24], [8, 23], [9, 22], [10, 21], [11, 20], [12, 19]]"
prueba852,CUCGACAAAUUUCUCCGCAAAUUUAAGCUC,"[[7, 24], [8, 23], [9, 22], [10, 21], [11, 20], [12, 19]]"
prueba853,ACUUACAAAUUUUGUUUAAAAUUUUUCUCC,"[[7, 24], [8, 23], [9, 22], [10, 21], [11, 20], [12, 19]]"
prueba854,UAGUCUAAAUUUUACAGAAAAUUUUUUGAG,"[[7, 24], [8, 23], [9, 22], [10, 21], [11, 20], [12, 19]]"
prueba855,AACCUAAAAUUUGGUUGGAAAUUUCGCCGC,"[[7, 24], [8, 23], [9, 22], [10, 21], [11, 20], [12, 19]]"
prueba856,GCCGCCAAAUUUCGUUGUAAAUUUGGCAUC,"[[7, 24], [8, 23], [9, 22], [10, 21], [11, 20], [12, 19]]"
prueba857,CGCCUCAAAUUUGGAUCAAAAUUUUAGUAU,"[[7, 24], [8, 23], [9, 22], [10, 21], [11, 20], [12, 19]]"
prueba858,GCUCUAAAAUUUCACAAUAAAUUUAAUACA,"[[7, 24], [8, 23], [9, 22], [10, 21], [11, 20], [12, 19]]"
prueba859,GGCCCUAAAUUUACUAGAAAAUUUCGUAGC,"[[7, 24], [8, 23], [9, 22], [10, 21], [11, 20], [12, 19]]"
prueba860,AAUCGAAAAUUUUAGCUGAAAUUUUCAUGA,"[[7, 24], [8, 23], [9, 22], [10, 21], [11, 20], [12, 19]]"
prueba861,GCCGGAAAAUUUACAAUCAAAUUUUAUUUU,"[[7, 24], [8, 23], [9, 22], [10, 21], [11, 20], [12, 19]]"
prueba862,GCGCUGAAAUUUAAGUGCAAAUUUCAAGCU,"[[7, 24], [8, 23], [9, 22], [10, 21], [11, 20], [12, 19]]"
prueba863,GCUUUAAAAUUUCACGGUAAAUUUUCGCAU,"[[7, 24], [8, 23], [9, 22], [10, 21], [11, 20], [12, 19]]"
prueba864,ACACCGAAAUUUGACCUAAAAUUUGUAUCC,"[[7, 24], [8, 23], [9, 22], [10, 21], [11, 20], [12, 19]]"
prueba865,CUCUGAAAAUUUAGUAUCAAAUUUUUCAUA,"[[7, 24], [8, 23], [9, 22], [10, 21], [11, 20], [12, 19]]"
prueba866,AACCACAAAUUUCGGACCAAAUUUUAUAGU,"[[7, 24], [8, 23], [9, 22], [10, 21], [11, 20], [12, 19]]"
prueba867,AGUUCCAAAUUUUAAUUUAAAUUUAUGUAA,"[[7, 24], [8, 23], [9, 22], [10, 21], [11, 20], [12, 19]]"
prueba868,AGAGUUAAAUUUACGCGUAAAUUUUUGCUA,"[[7, 24], [8, 23], [9, 22], [10, 21], [11, 20], [12, 19]]"
prueba869,GAGGACAAAUUUAUCCCGAAAUUUCCUCCC,"[[7, 24], [8, 23], [9, 22], [10, 21], [11, 20], [12, 19]]"
prueba870,ACAGCGAAAUUUCGAGCGAAAUUUUUGUCA,"[[7, 24], [8, 23], [9, 22], [10, 21], [11, 20], [12, 19]]"
prueba871,AUCUCAAAAUUUCCGAUAAAAUUUAAUGCG,"[[7, 24], [8, 23], [9, 22], [10, 21], [11, 20], [12, 19]]"
prueba872,UAAGAUAAAUUUGAUAGUAAAUUUAGUGUA,"[[7, 24], [8, 23], [9, 22], [10, 21], [11, 20], [12, 19]]"
prueba873,UGCAGUAAAUUUGUCCUAAAAUUUCUUUUC,"[[7, 24], [8, 23], [9, 22], [10, 21], [11, 20], [12, 19]]"
prueba874,UAAACUAAAUUUAUGCCAAAAUUUGAGGGU,"[[7, 24], [8, 23], [9, 22], [10, 21], [11, 20], [12, 19]]"
prueba875,AUAAAGAAAUUUCUGCUGAAAUUUACGCCU,"[[7, 24], [8, 23], [9, 22], [10, 21], [11, 20], [12, 19]]"
prueba876,GGAACCAAAUUUACGAAGAAAUUUGUAGCA,"[[7, 24], [8, 23], [9, 22], [10, 21], [11, 20], [12, 19]]"
prueba877,GGUUAGAAAUUUGUGCGCAAAUUUAAUCGG,"[[7, 24], [8, 23], [9, 22], [10, 21], [11, 20], [12, 19]]"
prueba878,CUACAGAAAUUUGGCACCAAAUUUGCUAUA,"[[7, 24], [8, 23], [9, 22], [10, 21], [11, 20], [12, 19]]"
prueba879,UAUUCCAAAUUUCUUACAAAAUUUUUCUUA,"[[7, 24], [8, 23], [9, 22], [10, 21], [11, 20], [12, 19]]"
prueba880,ACCUGCAAAUUUUUAUACAAAUUUACUCGG,"[[7, 24], [8, 23], [9, 22], [10, 21], [11, 20], [12, 19]]"
prueba881,CCCAGUAAAUUUCAUCGUAAAUUUGUGAUA,"[[7, 24], [8, 23], [9, 22], [10, 21], [11, 20], [12, 19]]"
prueba882,CUGUCGAAAUUUCCUAAUAAAUUUUAUUUC,"[[7, 24], [8, 23], [9, 22], [10, 21], [11, 20], [12, 19]]"
prueba883,GCAGAGAAAUUUAUGUGCAAAUUUGUAUGU,"[[7, 24], [8, 23], [9, 22], [10, 21], [11, 20], [12, 19]]"
prueba884,AAAUGCAAAUUUACUAGCAAAUUUGAAUCA,"[[7, 24], [8, 23], [9, 22], [10, 21], [11, 20], [12, 19]]"
prueba885,UAGACUAAAUUUGGGCGGAAAUUUCCCAUU,"[[7, 24], [8, 23], [9, 22], [10, 21], [11, 20], [12, 19]]"
prueba886,UGAAACAAAUUUGUCCUGAAAUUUAGGACA,"[[7, 24], [8, 23], [9, 22], [10, 21], [11, 20], [12, 19]]"
prueba887,ACAACUAAAUUUCCUUCAAAAUUUCCGUGU,"[[7, 24], [8, 23], [9, 22], [10, 21], [11, 20], [12, 19]]"
prueba888,UUUACUAAAUUUGACGGUAAAUUUAGUAGU,"[[7, 24], [8, 23], [9, 22], [10, 21], [11, 20], [12, 19]]"
prueba889,CGUUUUAAAUUUCGUUGAAAAUUUACGCUU,"[[7, 24], [8, 23], [9, 22], [10, 21], [11, 20], [12, 19]]"
prueba890,ACAUGAAAAUUUGUAUCGAAAUUUCAAUCC,"[[7, 24], [8, 23], [9, 22], [10, 21], [11, 20], [12, 19]]"
prueba891,CGCGACAAAUUUUUCACCAAAUUUUUAAGG,"[[7, 24], [8, 23], [9, 22], [10, 21], [11, 20], [12, 19]]"
prueba892,CAGACAAAAUUUGCUCCCAAAUUUGAGCCC,"[[7, 24], [8, 23], [9, 22], [10, 21], [11, 20], [12, 19]]"
prueba893,AUGUGGAAAUUUCGGUAGAAAUUUGUGCCG,"[[7, 24], [8, 23], [9, 22], [10, 21], [11, 20], [12, 19]]"
prueba894,UGUAACAAAUUUUCUCCAAAAUUUUCCCCA,"[[7, 24], [8, 23], [9, 22], [10, 21], [11, 20], [12, 19]]"
prueba895,CACACAAAAUUUCCUCCCAAAUUUCAUAGC,"[[7, 24], [8, 23], [9, 22], [10, 21], [11, 20], [12, 19]]"
prueba896,GCACCUAAAUUUACCGGGAAAUUUGUACUA,"[[7, 24], [8, 23], [9, 22], [10, 21], [11, 20], [12, 19]]"
prueba897,UCUACGAAAUUUCGCUAUAAAUUUGCUCGG,"[[7, 24], [8, 23], [9, 22], [10, 21], [11, 20], [12, 19]]"
prueba898,UGUGAAAAAUUUGCAGUAAAAUUUAUGAUA,"[[7, 24], [8, 23], [9, 22], [10, 21], [11, 20], [12, 19]]"
prueba899,UCGGAGAAAUUUCUGAUCAAAUUUUAUAAU,"[[7, 24], [8, 23], [9, 22], [10, 21], [11, 20], [12, 19]]"
prueba900,UACUAUAAAUUUUAUGCUAAAUUUCAGUUA,"[[7, 24], [8, 23], [9, 22], [10, 21], [11, 20], [12, 19]]"
prueba901,GAUAAUAAAUUUACUAAGAAAUUUGCCCUG,"[[7, 24], [8, 23], [9, 22], [10, 21], [11, 20], [12, 19]]"
prueba902,GCUCAGAAAUUUUAUACAAAAUUUCUUCUU,"[[7, 24], [8, 23], [9, 22], [10, 21], [11, 20], [12, 19]]"
prueba903,GGAAAAAAAUUUGGUACCAAAUUUCUCGGU,"[[7, 24], [8, 23], [9, 22], [10, 21], [11, 20], [12, 19]]"
prueba904,GCUACAAAAUUUGCUUUGAAAUUUGGCACG,"[[7, 24], [8, 23], [9, 22], [10, 21], [11, 20], [12, 19]]"
prueba905,GACUUUAAAUUUAAUUGUAAAUUUGAGGUA,"[[7, 24], [8, 23], [9, 22], [10, 21], [11, 20], [12, 19]]"
prueba906,AACAAUAAAUUUCUGUAUAAAUUUGUGGCG,"[[7, 24], [8, 23], [9, 22], [10, 21], [11, 20], [12, 19]]"
prueba907,AUAGAAAAAUUUCAAGUCAAAUUUUUGAAU,"[[7, 24], [8, 23], [9, 22], [10, 21], [11, 20], [12, 19]]"
prueba908,AAUAGUAAAUUUAUUGGAAAAUUUUGUUCA,"[[7, 24], [8, 23], [9, 22], [10, 21], [11, 20], [12, 19]]"
prueba909,AAUACGAAAUUUGACCUAAAAUUUACCGCG,"[[7, 24], [8, 23], [9, 22], [10, 21], [11, 20], [12, 19]]"
prueba910,CUGUGAAAAUUUAAUACGAAAUUUGUACGG,"[[7, 24], [8, 23], [9, 22], [10, 21], [11, 20], [12, 19]]"
prueba911,UGAGUAAAAUUUGGGUCUAAAUUUGACGCU,"[[7, 24], [8, 23], [9, 22], [10, 21], [11, 20], [12, 19]]"
prueba912,CUACAGAAAUUUAUCUAGAAAUUUCUUAAU,"[[7, 24], [8, 23], [9, 22], [10, 21], [11, 20], [12, 19]]"
prueba913,CAAACCAAAUUUAGGGGUAAAUUUCAUUAG,"[[7, 24], [8, 23], [9, 22], [10, 21], [11, 20], [12, 19]]"
prueba914,ACCCACAAAUUUGUUGGCAAAUUUAUUCUA,"[[7, 24], [8, 23], [9, 22], [10, 21], [11, 20], [12, 19]]"
prueba915,GAAAGAAAAUUUCAUGCCAAAUUUCCGGGG,"[[7, 24], [8, 23], [9, 22], [10, 21], [11, 20], [12, 19]]"
prueba916,CACGGGAAAUUUCUUAGUAAAUUUCGUUUG,"[[7, 24], [8, 23], [9, 22], [10, 21], [11, 20], [12, 19]]"
prueba917,CUCGGCAAAUUUGAGCUGAAAUUUUGUCAC,"[[7, 24], [8, 23], [9, 22], [10, 21], [11, 20], [12, 19]]"
prueba918,GACGCUAAAUUUUUAGAAAAAUUUGAGCUA,"[[7, 24], [8, 23], [9, 22], [10, 21], [11, 20], [12, 19]]"
prueba919,CGUUUGAAAUUUCCCCGUAAAUUUCAGGGU,"[[7, 24], [8, 23], [9, 22], [10, 21], [11, 20], [12, 19]]"
prueba920,CUAUUCAAAUUUUAGGUAAAAUUUAUCAUU,"[[7, 24], [8, 23], [9, 22], [10, 21], [11, 20], [12, 19]]"
prueba921,GUUAAGAAAUUUUAACAAAAAUUUUGUUAG,"[[7, 24], [8, 23], [9, 22], [10, 21], [11, 20], [12, 19]]"
prueba922,CUGAGUAAAUUUAGUUAAAAAUUUGGUCAC,"[[7, 24], [8, 23], [9, 22], [10, 21], [11, 20], [12, 19]]"
prueba923,CCAUUAAAAUUUGGCAUGAAAUUUGUAUUG,"[[7, 24], [8, 23], [9, 22], [10, 21], [11, 20], [12, 19]]"
prueba924,ACAAUUAAAUUUAACUUAAAAUUUCACUAC,"[[7, 24], [8, 23], [9, 22], [10, 21], [11, 20], [12, 19]]"
prueba925,GGGAUCAAAUUUACACAAAAAUUUCAUCAU,"[[7, 24], [8, 23], [9, 22], [10, 21], [11, 20], [12, 19]]"
prueba926,AACGACAAAUUUAAAAAAAAAUUUGCACUU,"[[7, 24], [8, 23], [9, 22], [10, 21], [11, 20], [12, 19]]"
prueba927,CAGAGUAAAUUUCUUAGGAAAUUUAUAAGA,"[[7, 24], [8, 23], [9, 22], [10, 21], [11, 20], [12, 19]]"
prueba928,GGGUGUAAAUUUCAUGGCAAAUUUACCAUC,"[[7, 24], [8, 23], [9, 22], [10, 21], [11, 20], [12, 19]]"
prueba929,UGUAUAAAAUUUCCAGUUAAAUUUUCUGGU,"[[7, 24], [8, 23], [9, 22], [10, 21], [11, 20], [12, 19]]"
prueba930,GCUUCUAAAUUUUGAUAAAAAUUUAAGACG,"[[7, 24], [8, 23], [9, 22], [10, 21], [11, 20], [12, 19]]"
prueba931,CGUACUAAAUUUACCGGAAAAUUUCUUAGA,"[[7, 24], [8, 23], [9, 22], [10, 21], [11, 20], [12, 19]]"
prueba932,UGUAUAAAAUUUAGUGUGAAAUUUAUCCCU,"[[7, 24], [8, 23], [9, 22], [10, 21], [11, 20], [12, 19]]"
prueba933,GCCCAAAAAUUUAGUUCUAAAUUUCGGACG,"[[7, 24], [8, 23], [9, 22], [10, 21], [11, 20], [12, 19]]"
prueba934,GUAUCCAAAUUUGCUGUGAAAUUUGUGGUG,"[[7, 24], [8, 23], [9, 22], [10, 21], [11, 20], [12, 19]]"
prueba935,GUUGGAAAAUUUCAGACAAAAUUUGUCGGG,"[[7, 24], [8, 23], [9, 22], [10, 21], [11, 20], [12, 19]]"
prueba936,CCUACUAAAUUUAUCUUAAAAUUUAAAGAG,"[[7, 24], [8, 23], [9, 22], [10, 21], [11, 20], [12, 19]]"
prueba937,CCUCACAAAUUUCAUACGAAAUUUCCCUUG,"[[7, 24], [8, 23], [9, 22], [10, 21], [11, 20], [12, 19]]"
prueba938,GACCUGAAAUUUAGUCAAAAAUUUUUUGCC,"[[7, 24], [8, 23], [9, 22], [10, 21], [11, 20], [12, 19]]"
prueba939,GAUGGAAAAUUUGCGAUAAAAUUUGUCAGC,"[[7, 24], [8, 23], [9, 22], [10, 21], [11, 20], [12, 19]]"
prueba940,AAAUGAAAAUUUGGCGAAAAAUUUUACAAU,"[[7, 24], [8, 23], [9, 22], [10, 21], [11, 20], [12, 19]]"
prueba941,UCGUUGAAAUUUCUAUACAAAUUUCAUAUU,"[[7, 24], [8, 23], [9, 22], [10, 21], [11, 20], [12, 19]]"
prueba942,GAAAACAAAUUUCAUUAUAAAUUUACGGGC,"[[7, 24], [8, 23], [9, 22], [10, 21], [11, 20], [12, 19]]"
prueba943,UAUUCAAAAUUUAGGACCAAAUUUUGGGGG,"[[7, 24], [8, 23], [9, 22], [10, 21], [11, 20], [12, 19]]"
prueba944,GGGAAUAAAUUUUGAGAUAAAUUUGAGAAU,"[[7, 24], [8, 23], [9, 22], [10, 21], [11, 20], [12, 19]]"
prueba945,AAAGGGAAAUUUCUGCCGAAAUUUAUCGUA,"[[7, 24], [8, 23], [9, 22], [10, 21], [11, 20], [12, 19]]"
prueba946,GGUGACAAAUUUGCAACUAAAUUUCAGACG,"[[7, 24], [8, 23], [9, 22], [10, 21], [11, 20], [12, 19]]"
prueba947,UCUUACAAAUUUGCUUGUAAAUUUGUCAGA,"[[7, 24], [8, 23], [9, 22], [10, 21], [11, 20], [12, 19]]"
prueba948,ACCACUAAAUUUCCGCAAAAAUUUUGGCUG,"[[7, 24], [8, 23], [9, 22], [10, 21], [11, 20], [12, 19]]"
prueba949,ACGCGAAAAUUUGCCCCUAAAUUUACUUGG,"[[7, 24], [8, 23], [9, 22], [10, 21], [11, 20], [12, 19]]"
prueba950,GUUAUUAAAUUUAACUCGAAAUUUCGAGUC,"[[7, 24], [8, 23], [9, 22], [10, 21], [11, 20], [12, 19]]"
prueba951,UACGGAAAAUUUUUUACGAAAUUUACCAGA,"[[7, 24], [8, 23], [9, 22], [10, 21], [11, 20], [12, 19]]"
prueba952,GGUCCCAAAUUUCUGCCCAAAUUUACAGCG,"[[7, 24], [8, 23], [9, 22], [10, 21], [11, 20], [12, 19]]"
prueba953,AUCUACAAAUUUAAUUUAAAAUUUACCGUU,"[[7, 24], [8, 23], [9, 22], [10, 21], [11, 20], [12, 19]]"
prueba954,CGCCCGAAAUUUUAUGCAAAAUUUAGCCGC,"[[7, 24], [8, 23], [9, 22], [10, 21], [11, 20], [12, 19]]"
prueba955,CAGUCGAAAUUUAUAGGUAAAUUUUCCAAU,"[[7, 24], [8, 23], [9, 22], [10, 21], [11, 20], [12, 19]]"
prueba956,GGCAGUAAAUUUCAGCGAAAAUUUGGAAGU,"[[7, 24], [8, 23], [9, 22], [10, 21], [11, 20], [12, 19]]"
prueba957,GCUCAUAAAUUUCUUUAGAAAUUUAGAUAC,"[[7, 24], [8, 23], [9, 22], [10, 21], [11, 20], [12, 19]]"
prueba958,GCGUUUAAAUUUCGAGGGAAAUUUACAUGA,"[[7, 24], [8, 23], [9, 22], [10, 21], [11, 20], [12, 19]]"
prueba959,GAGAGUAAAUUUAGCUGGAAAUUUGCGAAA,"[[7, 24], [8, 23], [9, 22], [10, 21], [11, 20], [12, 19]]"
prueba960,CCUGGUAAAUUUGCAUAAAAAUUUCGUCGG,"[[7, 24], [8, 23], [9, 22], [10, 21], [11, 20], [12, 19]]"
prueba961,UCGGCUAAAUUUCCCACCAAAUUUUUGCUG,"[[7, 24], [8, 23], [9, 22], [10, 21], [11, 20], [12, 19]]"
prueba962,GAUCCCAAAUUUCCUCACAAAUUUGUAGUU,"[[7, 24], [8, 23], [9, 22], [10, 21], [11, 20], [12, 19]]"
prueba963,GAGCGGAAAUUUGUGUGAAAAUUUCAGACU,"[[7, 24], [8, 23], [9, 22], [10, 21], [11, 20], [12, 19]]"
prueba964,ACGGUUAAAUUUUCCCUGAAAUUUUACUAC,"[[7, 24], [8, 23], [9, 22], [10, 21], [11, 20], [12, 19]]"
prueba965,CCCGCCAAAUUUCUAAAGAAAUUUCGACAU,"[[7, 24], [8, 23], [9, 22], [10, 21], [11, 20], [12, 19]]"
prueba966,UCGCAGAAAUUUUUUCAAAAAUUUCAAAUU,"[[7, 24], [8, 23], [9, 22], [10, 21], [11, 20], [12, 19]]"
prueba967,GGUCAUAAAUUUUGCUCGAAAUUUGGUGUC,"[[7, 24], [8, 23], [9, 22], [10, 21], [11, 20], [12, 19]]"
prueba968,CGUCUUAAAUUUUCUUGAAAAUUUCGGCGG,"[[7, 24], [8, 23], [9, 22], [10, 21], [11, 20], [12, 19]]"
prueba969,AUAAUAAAAUUUGACUUUAAAUUUACUUUU,"[[7, 24], [8, 23], [9, 22], [10, 21], [11, 20], [12, 19]]"
prueba970,CCCAUGAAAUUUCCGUGUAAAUUUUAGGAC,"[[7, 24], [8, 23], [9, 22], [10, 21], [11, 20], [12, 19]]"
prueba971,AACUGUAAAUUUAUCUCUAAAUUUGUCGCU,"[[7, 24], [8, 23], [9, 22], [10, 21], [11, 20], [12, 19]]"
prueba972,GGAUCUAAAUUUAGGCCGAAAUUUUCCUCA,"[[7, 24], [8, 23], [9, 22], [10, 21], [11, 20], [12, 19]]"
prueba973,AACAUCAAAUUUGUUAAAAAAUUUGUCGGA,"[[7, 24], [8, 23], [9, 22], [10, 21], [11, 20], [12, 19]]"
prueba974,CUACGAAAAUUUACGAACAAAUUUACCGUA,"[[7, 24], [8, 23], [9, 22], [10, 21], [11, 20], [12, 19]]"
prueba975,ACCGAUAAAUUUGCCGCCAAAUUUCGUUAA,"[[7, 24], [8, 23], [9, 22], [10, 21], [11, 20], [12, 19]]"
prueba976,CGUAUAAAAUUUCUUGUUAAAUUUACUACG,"[[7, 24], [8, 23], [9, 22], [10, 21], [11, 20], [12, 19]]"
prueba977,UGGGAAAAAUUUACGCACAAAUUUCUUUAC,"[[7, 24], [8, 23], [9, 22], [10, 21], [11, 20], [12, 19]]"
prueba978,UAUUGAAAAUUUGGUCAUAAAUUUGAGCAC,"[[7, 24], [8, 23], [9, 22], [10, 21], [11, 20], [12, 19]]"
prueba979,AGGUGAAAAUUUCGCCUGAAAUUUUUCGGA,"[[7, 24], [8, 23], [9, 22], [10, 21], [11, 20], [12, 19]]"
prueba980,AUUAAGAAAUUUCCUUUUAAAUUUGGCGAA,"[[7, 24], [8, 23], [9, 22], [10, 21], [11, 20], [12, 19]]"
prueba981,UGGAAUAAAUUUCAGCAAAAAUUUCGGCUC,"[[7, 24], [8, 23], [9, 22], [10, 21], [11, 20], [12, 19]]"
prueba982,AGAUUGAAAUUUAAGGAGAAAUUUACGCCC,"[[7, 24], [8, 23], [9, 22], [10, 21], [11, 20], [12, 19]]"
prueba983,UCAUUAAAAUUUUAUAGUAAAUUUCAUUAU,"[[7, 24], [8, 23], [9, 22], [10, 21], [11, 20], [12, 19]]"
prueba984,CUAAUCAAAUUUCCACAUAAAUUUUUUUCG,"[[7, 24], [8, 23], [9, 22], [10, 21], [11, 20], [12, 19]]"
prueba985,UGACAGAAAUUUUUUCGUAAAUUUCCACAG,"[[7, 24], [8, 23], [9, 22], [10, 21], [11, 20], [12, 19]]"
prueba986,UCGCCGAAAUUUGAACACAAAUUUUCCUCA,"[[7, 24], [8, 23], [9, 22], [10, 21], [11, 20], [12, 19]]"
prueba987,CGCGCUAAAUUUUGACCCAAAUUUGUCGAC,"[[7, 24], [8, 23], [9, 22], [10, 21], [11, 20], [12, 19]]"
prueba988,AGUAUAAAAUUUUGUCCGAAAUUUAGCGAC,"[[7, 24], [8, 23], [9, 22], [10, 21], [11, 20], [12, 19]]"
prueba989,AACCAAAAAUUUGUAGUAAAAUUUUAACAA,"[[7, 24], [8, 23], [9, 22], [10, 21], [11, 20], [12, 19]]"
prueba990,CGUGAGAAAUUUGGCGUCAAAUUUAAAUGU,"[[7, 24], [8, 23], [9, 22], [10, 21], [11, 20], [12, 19]]"
prueba991,UUAGCAAAAUUUGCAUCGAAAUUUCACUAG,"[[7, 24], [8, 23], [9, 22], [10, 21], [11, 20], [12, 19]]"
prueba992,CGCACAAAAUUUACUUAUAAAUUUUUACCA,"[[7, 24], [8, 23], [9, 22], [10, 21], [11, 20], [12, 19]]"
prueba993,ACGCGCAAAUUUACCGUGAAAUUUUGGACA,"[[7, 24], [8, 23], [9, 22], [10, 21], [11, 20], [12, 19]]"
prueba994,AAGCUGAAAUUUGUACAUAAAUUUGGACCA,"[[7, 24], [8, 23], [9, 22], [10, 21], [11, 20], [12, 19]]"
prueba995,CGCUUUAAAUUUCGUUUAAAAUUUCCGCAU,"[[7, 24], [8, 23], [9, 22], [10, 21], [11, 20], [12, 19]]"
prueba996,AUAAGCAAAUUUGGCAGCAAAUUUUGCGCU,"[[7, 24], [8, 23], [9, 22], [10, 21], [11, 20], [12, 19]]"
prueba997,CCGCGCAAAUUUGUCUUCAAAUUUUGCUCG,"[[7, 24], [8, 23], [9, 22], [10, 21], [11, 20], [12, 19]]"
prueba998,GCGAGGAAAUUUCUAUGGAAAUUUUGGGCC,"[[7, 24], [8, 23], [9, 22], [10, 21], [11, 20], [12, 19]]"
prueba999,AUCGAAAAAUUUCGGCGCAAAUUUCGCACU,"[[7, 24], [8, 23], [9, 22], [10, 21], [11, 20], [12, 19]]"
