id,sequence,base_pairs
prueba0,UAUCUGAAAAAAAGAUGGUUUUUUUGCGCU,"[[7, 24], [8, 23], [9, 22], [10, 21], [11, 20], [12, 19]]"
prueba1,GACAUAAAAAAAUAUAGAUUUUUUACUGCU,"[[7, 24], [8, 23], [9, 22], [10, 21], [11, 20], [12, 19]]"
prueba2,CGUCAUAAAAAAGCUAUGUUUUUUCCUGAG,"[[7, 24], [8, 23], [9, 22], [10, 21], [11, 20], [12, 19]]"
prueba3,GGAGGCAAAAAAGAUUCAUUUUUUUCGUAG,"[[7, 24], [8, 23], [9, 22], [10, 21], [11, 20], [12, 19]]"
prueba4,GGCUCAAAAAAACCCAUAUUUUUUGUACAU,"[[7, 24], [8, 23], [9, 22], [10, 21], [11, 20], [12, 19]]"
prueba5,GAUAUUAAAAAAGCUCUCUUUUUUCGCCCC,"[[7, 24], [8, 23], [9, 22], [10, 21], [11, 20], [12, 19]]"
prueba6,CUGCAUAAAAAAUCGUGCUUUUUUCCUACG,"[[7, 24], [8, 23], [9, 22], [10, 21], [11, 20], [12, 19]]"
prueba7,GCCGUAAAAAAACGUCGAUUUUUUUAUGAA,"[[7, 24], [8, 23], [9, 22], [10, 21], [11, 20], [12, 19]]"
prueba8,GCUCUAAAAAAACCGAAAUUUUUUCACUUC,"[[7, 24], [8, 23], [9, 22], [10, 21], [11, 20], [12, 19]]"
prueba9,AGUUACAAAAAACGUGUGUUUUUUAGCACC,"[[7, 24], [8, 23], [9, 22], [10, 21], [11, 20], [12, 19]]"
prueba10,GUCAUUAAAAAAACGGUCUUUUUUAGAUCG,"[[7, 24], [8, 23], [9, 22], [10, 21], [11, 20], [12, 19]]"
prueba11,UAUGCAAAAAAAGGGGGGUUUUUUGAAUUC,"[[7, 24], [8, 23], [9, 22], [10, 21], [11, 20], [12, 19]]"
prueba12,UACCAUAAAAAACAGUGUUUUUUUUAUGGU,"[[7, 24], [8, 23], [9, 22], [10, 21], [11, 20], [12, 19]]"
prueba13,AGCCACAAAAAACCAAUUUUUUUUGUACGA,"[[7, 24], [8, 23], [9, 22], [10, 21], [11, 20], [12, 19]]"
prueba14,GGCAGAAAAAAAGCUAGAUUUUUUACGUGG,"[[7, 24], [8, 23], [9, 22], [10, 21], [11, 20], [12, 19]]"
prueba15,UGAUCAAAAAAAACGGCUUUUUUUAGUACU,"[[7, 24], [8, 23], [9, 22], [10, 21], [11, 20], [12, 19]]"
prueba16,CGGAUAAAAAAAAUUAUGUUUUUUCAGUUA,"[[7, 24], [8, 23], [9, 22], [10, 21], [11, 20], [12, 19]]"
prueba17,UAUCGAAAAAAAGUUCUGUUUUUUUAAGCA,"[[7, 24], [8, 23], [9, 22], [10, 21], [11, 20], [12, 19]]"
prueba18,UAACCAAAAAAAUAGGGCUUUUUUCCUAUG,"[[7, 24], [8, 23], [9, 22], [10, 21], [11, 20], [12, 19]]"
prueba19,GGAAGCAAAAAACAUGGGUUUUUUCUUUUG,"[[7, 24], [8, 23], [9, 22], [10, 21], [11, 20], [12, 19]]"
prueba20,CAUGAAAAAAAAAUGGGGUUUUUUUUCAAU,"[[7, 24], [8, 23], [9, 22], [10, 21], [11, 20], [12, 19]]"
prueba21,GCAGGUAAAAAAAUAGAAUUUUUUAAAUCU,"[[7, 24], [8, 23], [9, 22], [10, 21], [11, 20], [12, 19]]"
prueba22,UAUUAAAAAAAAUAGACGUUUUUUCCCUAA,"[[7, 24], [8, 23], [9, 22], [10, 21], [11, 20], [12, 19]]"
prueba23,GUUUAAAAAAAAUGCGCAUUUUUUAAGCAC,"[[7, 24], [8, 23], [9, 22], [10, 21], [11, 20], [12, 19]]"
prueba24,CGAGGGAAAAAACAGGCUUUUUUUAAAACC,"[[7, 24], [8, 23], [9, 22], [10, 21], [11, 20], [12, 19]]"
prueba25,AUGUGUAAAAAAACGUUAUUUUUUGGUAAU,"[[7, 24], [8, 23], [9, 22], [10, 21], [11, 20], [12, 19]]"
prueba26,UACAGUAAAAAAUAUAAGUUUUUUCUGAUG,"[[7, 24], [8, 23], [9, 22], [10, 21], [11, 20], [12, 19]]"
prueba27,UAAGGAAAAAAACGCUGGUUUUUUCCCACC,"[[7, 24], [8, 23], [9, 22], [10, 21], [11, 20], [12, 19]]"
prueba28,CUUUGGAAAAAAUAGUUCUUUUUUACAGAG,"[[7, 24], [8, 23], [9, 22], [10, 21], [11, 20], [12, 19]]"
prueba29,AACCCGAAAAAAAUUAGCUUUUUUCGCAAU,"[[7, 24], [8, 23], [9, 22], [10, 21], [11, 20], [12, 19]]"
prueba30,UGACGUAAAAAAAGGAACUUUUUUACGUAG,"[[7, 24], [8, 23], [9, 22], [10, 21], [11, 20], [12, 19]]"
prueba31,GUUUAUAAAAAACAUCCGUUUUUUCAAUAA,"[[7, 24], [8, 23], [9, 22], [10, 21], [11, 20], [12, 19]]"
prueba32,AAAUACAAAAAAUGAGGCUUUUUUGUAGAU,"[[7, 24], [8, 23], [9, 22], [10, 21], [11, 20], [12, 19]]"
prueba33,GCUGAAAAAAAAGUCACGUUUUUUGAUUGC,"[[7, 24], [8, 23], [9, 22], [10, 21], [11, 20], [12, 19]]"
prueba34,GAUUGAAAAAAAAUGGGAUUUUUUGCAGCA,"[[7, 24], [8, 23], [9, 22], [10, 21], [11, 20], [12, 19]]"
prueba35,CCACCAAAAAAACCUCAAUUUUUUAGGCUG,"[[7, 24], [8, 23], [9, 22], [10, 21], [11, 20], [12, 19]]"
prueba36,CAAACGAAAAAAUGCAACUUUUUUGUAUAA,"[[7, 24], [8, 23], [9, 22], [10, 21], [11, 20], [12, 19]]"
prueba37,UUGUCAAAAAAAUCGGCUUUUUUUUGAGUU,"[[7, 24], [8, 23], [9, 22], [10, 21], [11, 20], [12, 19]]"
prueba38,GACAUUAAAAAAUCUCCCUUUUUUUUAAAU,"[[7, 24], [8, 23], [9, 22], [10, 21], [11, 20], [12, 19]]"
prueba39,CUUUUCAAAAAAGGAAAUUUUUUUCUGCCA,"[[7, 24], [8, 23], [9, 22], [10, 21], [11, 20], [12, 19]]"
prueba40,GACACAAAAAAAAAUUCUUUUUUUGGUGCC,"[[7, 24], [8, 23], [9, 22], [10, 21], [11, 20], [12, 19]]"
prueba41,UACUAGAAAAAAGUUCAUUUUUUUGGCUGC,"[[7, 24], [8, 23], [9, 22], [10, 21], [11, 20], [12, 19]]"
prueba42,GGCUUUAAAAAAGUUAGGUUUUUUCUGAUG,"[[7, 24], [8, 23], [9, 22], [10, 21], [11, 20], [12, 19]]"
prueba43,GUUUACAAAAAAUGCCUCUUUUUUCAGGUA,"[[7, 24], [8, 23], [9, 22], [10, 21], [11, 20], [12, 19]]"
prueba44,AUGGUUAAAAAACAAGAAUUUUUUACGCGA,"[[7, 24], [8, 23], [9, 22], [10, 21], [11, 20], [12, 19]]"
prueba45,AAUGCCAAAAAAGCAGAUUUUUUUAUACAC,"[[7, 24], [8, 23], [9, 22], [10, 21], [11, 20], [12, 19]]"
prueba46,UUUCCGAAAAAAUUGCAUUUUUUUGUGUGG,"[[7, 24], [8, 23], [9, 22], [10, 21], [11, 20], [12, 19]]"
prueba47,UGUUCGAAAAAAGGUGUCUUUUUUAACCGG,"[[7, 24], [8, 23], [9, 22], [10, 21], [11, 20], [12, 19]]"
prueba48,CACCAUAAAAAAUAAAUGUUUUUUGUCCGG,"[[7, 24], [8, 23], [9, 22], [10, 21], [11, 20], [12, 19]]"
prueba49,AACGAUAAAAAAUUUUGGUUUUUUGACUGG,"[[7, 24], [8, 23], [9, 22], [10, 21], [11, 20], [12, 19]]"
prueba50,GGCCAAAAAAAAACUCAUUUUUUUACGUGG,"[[7, 24], [8, 23], [9, 22], [10, 21], [11, 20], [12, 19]]"
prueba51,GCAGGGAAAAAAAUUGCCUUUUUUUGUUCA,"[[7, 24], [8, 23], [9, 22], [10, 21], [11, 20], [12, 19]]"
prueba52,AUGCGGAAAAAAGAGCACUUUUUUGAAGCU,"[[7, 24], [8, 23], [9, 22], [10, 21], [11, 20], [12, 19]]"
prueba53,GUAGCAAAAAAAGUGCCCUUUUUUAAGAGC,"[[7, 24], [8, 23], [9, 22], [10, 21], [11, 20], [12, 19]]"
prueba54,GGGAUGAAAAAAAGCAGUUUUUUUCCAAAU,"[[7, 24], [8, 23], [9, 22], [10, 21], [11, 20], [12, 19]]"
prueba55,GGCCAAAAAAAAUAUGCUUUUUUUACAUGU,"[[7, 24], [8, 23], [9, 22], [10, 21], [11, 20], [12, 19]]"
prueba56,CAAAGGAAAAAACUCGAAUUUUUUUCAAAU,"[[7, 24], [8, 23], [9, 22], [10, 21], [11, 20], [12, 19]]"
prueba57,GCGCCUAAAAAAGACAGCUUUUUUCUGACC,"[[7, 24], [8, 23], [9, 22], [10, 21], [11, 20], [12, 19]]"
prueba58,GGAAACAAAAAACUAACCUUUUUUUACGGU,"[[7, 24], [8, 23], [9, 22], [10, 21], [11, 20], [12, 19]]"
prueba59,UUUUGUAAAAAACUCCCAUUUUUUUCUCUC,"[[7, 24], [8, 23], [9, 22], [10, 21], [11, 20], [12, 19]]"
prueba60,UUUAGAAAAAAAUGAUUGUUUUUUUCUUCG,"[[7, 24], [8, 23], [9, 22], [10, 21], [11, 20], [12, 19]]"
prueba61,UUCGACAAAAAACAUUGUUUUUUUCUCGGU,"[[7, 24], [8, 23], [9, 22], [10, 21], [11, 20], [12, 19]]"
prueba62,UUCCGGAAAAAAUAAGGGUUUUUUCAAUCU,"[[7, 24], [8, 23], [9, 22], [10, 21], [11, 20], [12, 19]]"
prueba63,CGUUUCAAAAAACCCGGUUUUUUUCUCUCG,"[[7, 24], [8, 23], [9, 22], [10, 21], [11, 20], [12, 19]]"
prueba64,CCCUUCAAAAAAGUCGGUUUUUUUGGGUCC,"[[7, 24], [8, 23], [9, 22], [10, 21], [11, 20], [12, 19]]"
prueba65,AAUCACAAAAAAUUGAGGUUUUUUCACGCA,"[[7, 24], [8, 23], [9, 22], [10, 21], [11, 20], [12, 19]]"
prueba66,CGAGAGAAAAAAACAUAAUUUUUUGUAUGC,"[[7, 24], [8, 23], [9, 22], [10, 21], [11, 20], [12, 19]]"
prueba67,CCCAUGAAAAAAAGAGGGUUUUUUAUUCAA,"[[7, 24], [8, 23], [9, 22], [10, 21], [11, 20], [12, 19]]"
prueba68,AAGUUCAAAAAAUAUUUUUUUUUUGCGAGC,"[[7, 24], [8, 23], [9, 22], [10, 21], [11, 20], [12, 19]]"
prueba69,AGGCAGAAAAAAGAUUCGUUUUUUCAUGUA,"[[7, 24], [8, 23], [9, 22], [10, 21], [11, 20], [12, 19]]"
prueba70,UUACCUAAAAAACUGGGGUUUUUUUGCUUC,"[[7, 24], [8, 23], [9, 22], [10, 21], [11, 20], [12, 19]]"
prueba71,UCUCUCAAAAAACGAAUAUUUUUUGCCUAC,"[[7, 24], [8, 23], [9, 22], [10, 21], [11, 20], [12, 19]]"
prueba72,UAAUUUAAAAAAAUACAAUUUUUUAUCCAU,"[[7, 24], [8, 23], [9, 22], [10, 21], [11, 20], [12, 19]]"
prueba73,GUCCGGAAAAAAGGAGCAUUUUUUAGCAGG,"[[7, 24], [8, 23], [9, 22], [10, 21], [11, 20], [12, 19]]"
prueba74,CGCGAAAAAAAAAAAAGCUUUUUUUUCGGC,"[[7, 24], [8, 23], [9, 22], [10, 21], [11, 20], [12, 19]]"
prueba75,UAUGUCAAAAAAUAGAGCUUUUUUGAGACG,"[[7, 24], [8, 23], [9, 22], [10, 21], [11, 20], [12, 19]]"
prueba76,GUUGUAAAAAAAUCCACCUUUUUUCAGGUC,"[[7, 24], [8, 23], [9, 22], [10, 21], [11, 20], [12, 19]]"
prueba77,AGUACGAAAAAAAGAAUAUUUUUUGCGUUA,"[[7, 24], [8, 23], [9, 22], [10, 21], [11, 20], [12, 19]]"
prueba78,GUUUAGAAAAAAAUUAUAUUUUUUUGCUGA,"[[7, 24], [8, 23], [9, 22], [10, 21], [11, 20], [12, 19]]"
prueba79,GUCAUGAAAAAACGCCUCUUUUUUUGCCGG,"[[7, 24], [8, 23], [9, 22], [10, 21], [11, 20], [12, 19]]"
prueba80,GUUACAAAAAAAGAUGAAUUUUUUACUAAC,"[[7, 24], [8, 23], [9, 22], [10, 21], [11, 20], [12, 19]]"
prueba81,AACUCCAAAAAAAACACAUUUUUUCAAUAU,"[[7, 24], [8, 23], [9, 22], [10, 21], [11, 20], [12, 19]]"
prueba82,GGACCCAAAAAAGCACUUUUUUUUCGUGGA,"[[7, 24], [8, 23], [9, 22], [10, 21], [11, 20], [12, 19]]"
prueba83,GUUAGAAAAAAAUGCUCCUUUUUUACAGUU,"[[7, 24], [8, 23], [9, 22], [10, 21], [11, 20], [12, 19]]"
prueba84,AACGCGAAAAAAAAAUCGUUUUUUGUCCCC,"[[7, 24], [8, 23], [9, 22], [10, 21], [11, 20], [12, 19]]"
prueba85,ACCCCCAAAAAAUGUAAAUUUUUUAGCGGC,"[[7, 24], [8, 23], [9, 22], [10, 21], [11, 20], [12, 19]]"
prueba86,UACCAUAAAAAAUUAUCUUUUUUUUGGAAA,"[[7, 24], [8, 23], [9, 22], [10, 21], [11, 20], [12, 19]]"
prueba87,GCUUUCAAAAAAGUCCGCUUUUUUGCAGUG,"[[7, 24], [8, 23], [9, 22], [10, 21], [11, 20], [12, 19]]"
prueba88,GACACGAAAAAAGUUGGAUUUUUUAGAGUA,"[[7, 24], [8, 23], [9, 22], [10, 21], [11, 20], [12, 19]]"
prueba89,GCUGACAAAAAAAAGACAUUUUUUUAUCCC,"[[7, 24], [8, 23], [9, 22], [10, 21], [11, 20], [12, 19]]"
prueba90,CCUCAAAAAAAAGUGUACUUUUUUUGAAAC,"[[7, 24], [8, 23], [9, 22], [10, 21], [11, 20], [12, 19]]"
prueba91,GCUUCUAAAAAAGGGGAGUUUUUUUCUGAC,"[[7, 24], [8, 23], [9, 22], [10, 21], [11, 20], [12, 19]]"
prueba92,AUUAUUAAAAAAUGAAAGUUUUUUGUGUUU,"[[7, 24], [8, 23], [9, 22], [10, 21], [11, 20], [12, 19]]"
prueba93,AGAGUUAAAAAACCGUUCUUUUUUCAUUAC,"[[7, 24], [8, 23], [9, 22], [10, 21], [11, 20], [12, 19]]"
prueba94,GUCAUGAAAAAAUUGGCCUUUUUUCCUUUC,"[[7, 24], [8, 23], [9, 22], [10, 21], [11, 20], [12, 19]]"
prueba95,GGGGUUAAAAAACCCUGAUUUUUUAGUGAC,"[[7, 24], [8, 23], [9, 22], [10, 21], [11, 20], [12, 19]]"
prueba96,UAAGAGAAAAAACAGAAUUUUUUUGACCGU,"[[7, 24], [8, 23], [9, 22], [10, 21], [11, 20], [12, 19]]"
prueba97,UUGUAUAAAAAAGACUUAUUUUUUGCUACU,"[[7, 24], [8, 23], [9, 22], [10, 21], [11, 20], [12, 19]]"
prueba98,CCAUACAAAAAAGAUACAUUUUUUGAUAUU,"[[7, 24], [8, 23], [9, 22], [10, 21], [11, 20], [12, 19]]"
prueba99,AAAUAUAAAAAACUUGUUUUUUUUCGACUC,"[[7, 24], [8, 23], [9, 22], [10, 21], [11, 20], [12, 19]]"
prueba100,GUUGCGAAAAAAAACAUUUUUUUUCGGUUU,"[[7, 24], [8, 23], [9, 22], [10, 21], [11, 20], [12, 19]]"
prueba101,CUAAUCAAAAAAAGCAUAUUUUUUUUUUUC,"[[7, 24], [8, 23], [9, 22], [10, 21], [11, 20], [12, 19]]"
prueba102,UGUCCAAAAAAAUCGUCAUUUUUUCCCCAA,"[[7, 24], [8, 23], [9, 22], [10, 21], [11, 20], [12, 19]]"
prueba103,UCAGAUAAAAAACGACAUUUUUUUCAGGCU,"[[7, 24], [8, 23], [9, 22], [10, 21], [11, 20], [12, 19]]"
prueba104,UUUAACAAAAAACUUUACUUUUUUAGAAGG,"[[7, 24], [8, 23], [9, 22], [10, 21], [11, 20], [12, 19]]"
prueba105,CUAGUGAAAAAAAGUGUCUUUUUUAUUAGU,"[[7, 24], [8, 23], [9, 22], [10, 21], [11, 20], [12, 19]]"
prueba106,GCACUAAAAAAAAGGUAAUUUUUUCGUUUC,"[[7, 24], [8, 23], [9, 22], [10, 21], [11, 20], [12, 19]]"
prueba107,CAUGUGAAAAAAACCUCAUUUUUUCGGCGU,"[[7, 24], [8, 23], [9, 22], [10, 21], [11, 20], [12, 19]]"
prueba108,UGUCCCAAAAAAUUUUGCUUUUUUGCUGAC,"[[7, 24], [8, 23], [9, 22], [10, 21], [11, 20], [12, 19]]"
prueba109,UAUGGGAAAAAACUCCAUUUUUUUAGUUCC,"[[7, 24], [8, 23], [9, 22], [10, 21], [11, 20], [12, 19]]"
prueba110,GUCAUUAAAAAACGACACUUUUUUUCACGU,"[[7, 24], [8, 23], [9, 22], [10, 21], [11, 20], [12, 19]]"
prueba111,AUCUGCAAAAAACCCCGGUUUUUUAAAUUU,"[[7, 24], [8, 23], [9, 22], [10, 21], [11, 20], [12, 19]]"
prueba112,UUAGUAAAAAAACGAAACUUUUUUACGAAU,"[[7, 24], [8, 23], [9, 22], [10, 21], [11, 20], [12, 19]]"
prueba113,GGUCAAAAAAAAUUGGAUUUUUUUCUGAGC,"[[7, 24], [8, 23], [9, 22], [10, 21], [11, 20], [12, 19]]"
prueba114,AAUGAAAAAAAAAGGGGCUUUUUUGGAUUA,"[[7, 24], [8, 23], [9, 22], [10, 21], [11, 20], [12, 19]]"
prueba115,UAGGUAAAAAAAAUCAAGUUUUUUCAGACC,"[[7, 24], [8, 23], [9, 22], [10, 21], [11, 20], [12, 19]]"
prueba116,CUGGAAAAAAAACCAGGGUUUUUUCAUAGU,"[[7, 24], [8, 23], [9, 22], [10, 21], [11, 20], [12, 19]]"
prueba117,GUCAUAAAAAAACUUUGAUUUUUUGAUUAC,"[[7, 24], [8, 23], [9, 22], [10, 21], [11, 20], [12, 19]]"
prueba118,UCAGCCAAAAAAGCCCCGUUUUUUGGCGAA,"[[7, 24], [8, 23], [9, 22], [10, 21], [11, 20], [12, 19]]"
prueba119,GCUGCUAAAAAAGCAUUAUUUUUUUAGCAC,"[[7, 24], [8, 23], [9, 22], [10, 21], [11, 20], [12, 19]]"
prueba120,UGGAUCAAAAAACGCCAUUUUUUUUAAGCU,"[[7, 24], [8, 23], [9, 22], [10, 21], [11, 20], [12, 19]]"
prueba121,GGACACAAAAAAGCGGGCUUUUUUAUGAGU,"[[7, 24], [8, 23], [9, 22], [10, 21], [11, 20], [12, 19]]"
prueba122,UGUCGCAAAAAAGAGGAAUUUUUUACUCCA,"[[7, 24], [8, 23], [9, 22], [10, 21], [11, 20], [12, 19]]"
prueba123,UGUAGGAAAAAAUGGGCAUUUUUUAGUGGA,"[[7, 24], [8, 23], [9, 22], [10, 21], [11, 20], [12, 19]]"
prueba124,CUCUAGAAAAAACAGCCAUUUUUUUGGCCG,"[[7, 24], [8, 23], [9, 22], [10, 21], [11, 20], [12, 19]]"
prueba125,AUGACAAAAAAAGCGACCUUUUUUGCUUUU,"[[7, 24], [8, 23], [9, 22], [10, 21], [11, 20], [12, 19]]"
prueba126,GAUUAGAAAAAAUCCGUCUUUUUUGGCCGC,"[[7, 24], [8, 23], [9, 22], [10, 21], [11, 20], [12, 19]]"
prueba127,AGACCUAAAAAAGAUCGGUUUUUUCUUCAG,"[[7, 24], [8, 23], [9, 22], [10, 21], [11, 20], [12, 19]]"
prueba128,CUAGUUAAAAAACUCCGUUUUUUUCUAAGC,"[[7, 24], [8, 23], [9, 22], [10, 21], [11, 20], [12, 19]]"
prueba129,UUCCUUAAAAAAACGGAUUUUUUUUUUUCU,"[[7, 24], [8, 23], [9, 22], [10, 21], [11, 20], [12, 19]]"
prueba130,UCCGGAAAAAAACCAGUAUUUUUUUUCAUU,"[[7, 24], [8, 23], [9, 22], [10, 21], [11, 20], [12, 19]]"
prueba131,GUUUCUAAAAAAAAUAGUUUUUUUUUACGU,"[[7, 24], [8, 23], [9, 22], [10, 21], [11, 20], [12, 19]]"
prueba132,UCGGCUAAAAAAGUUUCUUUUUUUGAGCGU,"[[7, 24], [8, 23], [9, 22], [10, 21], [11, 20], [12, 19]]"
prueba133,GAACCAAAAAAAGCAAAGUUUUUUAAGAUU,"[[7, 24], [8, 23], [9, 22], [10, 21], [11, 20], [12, 19]]"
prueba134,UAUAAAAAAAAAGUAGUGUUUUUUGCACAU,"[[7, 24], [8, 23], [9, 22], [10, 21], [11, 20], [12, 19]]"
prueba135,UGGGGCAAAAAAAACCACUUUUUUAGUAAU,"[[7, 24], [8, 23], [9, 22], [10, 21], [11, 20], [12, 19]]"
prueba136,AUAUCGAAAAAAGAGGUAUUUUUUCAACCG,"[[7, 24], [8, 23], [9, 22], [10, 21], [11, 20], [12, 19]]"
prueba137,CACUGUAAAAAAGAUACCUUUUUUCUCCAU,"[[7, 24], [8, 23], [9, 22], [10, 21], [11, 20], [12, 19]]"
prueba138,UAUCUGAAAAAAAAUUGUUUUUUUUCAAGU,"[[7, 24], [8, 23], [9, 22], [10, 21], [11, 20], [12, 19]]"
prueba139,CUCCCCAAAAAAACAAAUUUUUUUGACCAG,"[[7, 24], [8, 23], [9, 22], [10, 21], [11, 20], [12, 19]]"
prueba140,UCGAACAAAAAAGUCCUGUUUUUUGAGACA,"[[7, 24], [8, 23], [9, 22], [10, 21], [11, 20], [12, 19]]"
prueba141,UAGGACAAAAAAUUAUCAUUUUUUUGUUAC,"[[7, 24], [8, 23], [9, 22], [10, 21], [11, 20], [12, 19]]"
prueba142,UAUCUUAAAAAACUCUUUUUUUUUGACAUG,"[[7, 24], [8, 23], [9, 22], [10, 21], [11, 20], [12, 19]]"
prueba143,GGUUUAAAAAAAAUUCCAUUUUUUCUAGGU,"[[7, 24], [8, 23], [9, 22], [10, 21], [11, 20], [12, 19]]"
prueba144,GUGACAAAAAAAUGGGUGUUUUUUUCCAAU,"[[7, 24], [8, 23], [9, 22], [10, 21], [11, 20], [12, 19]]"
prueba145,UCAUCAAAAAAAUGAGUGUUUUUUUCUCUG,"[[7, 24], [8, 23], [9, 22], [10, 21], [11, 20], [12, 19]]"
prueba146,CGCUGUAAAAAACUACGUUUUUUUUGACAU,"[[7, 24], [8, 23], [9, 22], [10, 21], [11, 20], [12, 19]]"
prueba147,CUCAGUAAAAAAUUGAUUUUUUUUUAAACG,"[[7, 24], [8, 23], [9, 22], [10, 21], [11, 20], [12, 19]]"
prueba148,ACUACCAAAAAAUACGGCUUUUUUGGGUGC,"[[7, 24], [8, 23], [9, 22], [10, 21], [11, 20], [12, 19]]"
prueba149,CAAGGAAAAAAACAAUCCUUUUUUCAGCGG,"[[7, 24], [8, 23], [9, 22], [10, 21], [11, 20], [12, 19]]"
prueba150,UCCAGUAAAAAAUCUAUUUUUUUUCAGCUG,"[[7, 24], [8, 23], [9, 22], [10, 21], [11, 20], [12, 19]]"
prueba151,AAUCACAAAAAAACCAGAUUUUUUUGCGUU,"[[7, 24], [8, 23], [9, 22], [10, 21], [11, 20], [12, 19]]"
prueba152,GGGAUGAAAAAAUGAUAAUUUUUUUCGUUU,"[[7, 24], [8, 23], [9, 22], [10, 21], [11, 20], [12, 19]]"
prueba153,CCACGCAAAAAAAUCCGCUUUUUUUCGAGU,"[[7, 24], [8, 23], [9, 22], [10, 21], [11, 20], [12, 19]]"
prueba154,GGCUUGAAAAAAUAAAAGUUUUUUUAUGCG,"[[7, 24], [8, 23], [9, 22], [10, 21], [11, 20], [12, 19]]"
prueba155,AGGACUAAAAAAGCCCAAUUUUUUGUUGUG,"[[7, 24], [8, 23], [9, 22], [10, 21], [11, 20], [12, 19]]"
prueba156,GCGGGGAAAAAAAGAUUCUUUUUUCUACCA,"[[7, 24], [8, 23], [9, 22], [10, 21], [11, 20], [12, 19]]"
prueba157,UUAAAAAAAAAAGUGCAUUUUUUUACUCCA,"[[7, 24], [8, 23], [9, 22], [10, 21], [11, 20], [12, 19]]"
prueba158,GCUGCGAAAAAAAAGCUCUUUUUUUGUUGC,"[[7, 24], [8, 23], [9, 22], [10, 21], [11, 20], [12, 19]]"
prueba159,UGCGAUAAAAAAGUACUCUUUUUUUCAAUA,"[[7, 24], [8, 23], [9, 22], [10, 21], [11, 20], [12, 19]]"
prueba160,UGGGCUAAAAAAGACCCUUUUUUUCACGUA,"[[7, 24], [8, 23], [9, 22], [10, 21], [11, 20], [12, 19]]"
prueba161,UGAUGCAAAAAAUAUGUUUUUUUUGUGGAC,"[[7, 24], [8, 23], [9, 22], [10, 21], [11, 20], [12, 19]]"
prueba162,AGUGCCAAAAAACAGGAGUUUUUUAAGAAU,"[[7, 24], [8, 23], [9, 22], [10, 21], [11, 20], [12, 19]]"
prueba163,AAGUUCAAAAAACCACCAUUUUUUGGUUUA,"[[7, 24], [8, 23], [9, 22], [10, 21], [11, 20], [12, 19]]"
prueba164,UUCUUGAAAAAACAUUACUUUUUUCCACGC,"[[7, 24], [8, 23], [9, 22], [10, 21], [11, 20], [12, 19]]"
prueba165,UUAGUCAAAAAACGCUGCUUUUUUACGUUU,"[[7, 24], [8, 23], [9, 22], [10, 21], [11, 20], [12, 19]]"
prueba166,AGAACGAAAAAAUGUGGGUUUUUUUCCGAA,"[[7, 24], [8, 23], [9, 22], [10, 21], [11, 20], [12, 19]]"
prueba167,GGAGCUAAAAAACACACAUUUUUUUCGCUA,"[[7, 24], [8, 23], [9, 22], [10, 21], [11, 20], [12, 19]]"
prueba168,GGCGCCAAAAAAACAGUAUUUUUUGGACCG,"[[7, 24], [8, 23], [9, 22], [10, 21], [11, 20], [12, 19]]"
prueba169,UCCGCUAAAAAAAUAUUUUUUUUUAGUGUU,"[[7, 24], [8, 23], [9, 22], [10, 21], [11, 20], [12, 19]]"
prueba170,GUGGAGAAAAAAUUGGUUUUUUUUUAUUAG,"[[7, 24], [8, 23], [9, 22], [10, 21], [11, 20], [12, 19]]"
prueba171,GGGUGGAAAAAAGGCGUGUUUUUUUUAUGU,"[[7, 24], [8, 23], [9, 22], [10, 21], [11, 20], [12, 19]]"
prueba172,GGGAAGAAAAAAGCCCGCUUUUUUCACUAG,"[[7, 24], [8, 23], [9, 22], [10, 21], [11, 20], [12, 19]]"
prueba173,AGCAGUAAAAAACCUAACUUUUUUAUGAGC,"[[7, 24], [8, 23], [9, 22], [10, 21], [11, 20], [12, 19]]"
prueba174,UUCCGCAAAAAAUACUUCUUUUUUCCUAUU,"[[7, 24], [8, 23], [9, 22], [10, 21], [11, 20], [12, 19]]"
prueba175,GCGCUUAAAAAAAACGUCUUUUUUAAAUGG,"[[7, 24], [8, 23], [9, 22], [10, 21], [11, 20], [12, 19]]"
prueba176,CGUCGGAAAAAACUAGGGUUUUUUAAGCAC,"[[7, 24], [8, 23], [9, 22], [10, 21], [11, 20], [12, 19]]"
prueba177,CUAACAAAAAAAGUUUGGUUUUUUGAUUAU,"[[7, 24], [8, 23], [9, 22], [10, 21], [11, 20], [12, 19]]"
prueba178,ACUUCAAAAAAAAUACUCUUUUUUGUCGGG,"[[7, 24], [8, 23], [9, 22], [10, 21], [11, 20], [12, 19]]"
prueba179,CGAGGUAAAAAAAAUUAAUUUUUUAUUUUA,"[[7, 24], [8, 23], [9, 22], [10, 21], [11, 20], [12, 19]]"
prueba180,AACGCUAAAAAAUCAGAUUUUUUUCGAGAC,"[[7, 24], [8, 23], [9, 22], [10, 21], [11, 20], [12, 19]]"
prueba181,CCUGUAAAAAAACAUAUAUUUUUUCCACUC,"[[7, 24], [8, 23], [9, 22], [10, 21], [11, 20], [12, 19]]"
prueba182,CCAGGCAAAAAACACAGCUUUUUUUGACUG,"[[7, 24], [8, 23], [9, 22], [10, 21], [11, 20], [12, 19]]"
prueba183,CAGGAAAAAAAAGAGUGAUUUUUUAAGCCC,"[[7, 24], [8, 23], [9, 22], [10, 21], [11, 20], [12, 19]]"
prueba184,UUAUCGAAAAAACCUAGCUUUUUUUCCCUA,"[[7, 24], [8, 23], [9, 22], [10, 21], [11, 20], [12, 19]]"
prueba185,AAGCCCAAAAAAUCAUUUUUUUUUAUUUCC,"[[7, 24], [8, 23], [9, 22], [10, 21], [11, 20], [12, 19]]"
prueba186,AAGAGCAAAAAAUGCCAAUUUUUUCCGAGC,"[[7, 24], [8, 23], [9, 22], [10, 21], [11, 20], [12, 19]]"
prueba187,GCUACAAAAAAAGAUGGCUUUUUUGUUUAA,"[[7, 24], [8, 23], [9, 22], [10, 21], [11, 20], [12, 19]]"
prueba188,GGUGGUAAAAAAGGUUCAUUUUUUGACGCG,"[[7, 24], [8, 23], [9, 22], [10, 21], [11, 20], [12, 19]]"
prueba189,AUCCAAAAAAAAAAGGUGUUUUUUGCAGAA,"[[7, 24], [8, 23], [9, 22], [10, 21], [11, 20], [12, 19]]"
prueba190,AUUCACAAAAAACUAUCAUUUUUUCAGAUG,"[[7, 24], [8, 23], [9, 22], [10, 21], [11, 20], [12, 19]]"
prueba191,CUCCUAAAAAAAUUUGUUUUUUUUCUUCCC,"[[7, 24], [8, 23], [9, 22], [10, 21], [11, 20], [12, 19]]"
prueba192,CUAAUCAAAAAAACCGCCUUUUUUCCAAGC,"[[7, 24], [8, 23], [9, 22], [10, 21], [11, 20], [12, 19]]"
prueba193,GUUAACAAAAAAAACGCCUUUUUUCCGAGC,"[[7, 24], [8, 23], [9, 22], [10, 21], [11, 20], [12, 19]]"
prueba194,AAUGAGAAAAAAACUGCUUUUUUUCAUACG,"[[7, 24], [8, 23], [9, 22], [10, 21], [11, 20], [12, 19]]"
prueba195,AAACUAAAAAAAGACCAAUUUUUUCUGUUC,"[[7, 24], [8, 23], [9, 22], [10, 21], [11, 20], [12, 19]]"
prueba196,UCUUUCAAAAAAAGGUGAUUUUUUGAUCUA,"[[7, 24], [8, 23], [9, 22], [10, 21], [11, 20], [12, 19]]"
prueba197,CUGGUCAAAAAAUCAAAGUUUUUUGGAUGU,"[[7, 24], [8, 23], [9, 22], [10, 21], [11, 20], [12, 19]]"
prueba198,ACCACCAAAAAAGUACAUUUUUUUGAUAUG,"[[7, 24], [8, 23], [9, 22], [10, 21], [11, 20], [12, 19]]"
prueba199,UAUGGUAAAAAAUAGCCCUUUUUUCGUGGU,"[[7, 24], [8, 23], [9, 22], [10, 21], [11, 20], [12, 19]]"
prueba200,CUUGGGAAAAAAGACGUUUUUUUUGACCCA,"[[7, 24], [8, 23], [9, 22], [10, 21], [11, 20], [12, 19]]"
prueba201,UACCAAAAAAAACCCCACUUUUUUGAUGAA,"[[7, 24], [8, 23], [9, 22], [10, 21], [11, 20], [12, 19]]"
prueba202,UCUCUAAAAAAAGUUCAGUUUUUUGCAACG,"[[7, 24], [8, 23], [9, 22], [10, 21], [11, 20], [12, 19]]"
prueba203,GGAUCGAAAAAACGUCACUUUUUUAGCGUA,"[[7, 24], [8, 23], [9, 22], [10, 21], [11, 20], [12, 19]]"
prueba204,CGGAGUAAAAAAAGAAGCUUUUUUCAUCCU,"[[7, 24], [8, 23], [9, 22], [10, 21], [11, 20], [12, 19]]"
prueba205,CGAGUAAAAAAAUCGGGAUUUUUUGUGCAA,"[[7, 24], [8, 23], [9, 22], [10, 21], [11, 20], [12, 19]]"
prueba206,AAAUCUAAAAAAUCCGCCUUUUUUCAGAAU,"[[7, 24], [8, 23], [9, 22], [10, 21], [11, 20], [12, 19]]"
prueba207,GGGAUGAAAAAAAGGAACUUUUUUGCUUUC,"[[7, 24], [8, 23], [9, 22], [10, 21], [11, 20], [12, 19]]"
prueba208,AAGGAGAAAAAAUGUUUGUUUUUUAGGUGA,"[[7, 24], [8, 23], [9, 22], [10, 21], [11, 20], [12, 19]]"
prueba209,CUUUCAAAAAAAGCGGUUUUUUUUAUCAAA,"[[7, 24], [8, 23], [9, 22], [10, 21], [11, 20], [12, 19]]"
prueba210,CCCUACAAAAAAUCAUGGUUUUUUGGCAAG,"[[7, 24], [8, 23], [9, 22], [10, 21], [11, 20], [12, 19]]"
prueba211,CUGCUGAAAAAACAUAGAUUUUUUGUAGAU,"[[7, 24], [8, 23], [9, 22], [10, 21], [11, 20], [12, 19]]"
prueba212,CAAGAUAAAAAAACACGGUUUUUUAAUCUU,"[[7, 24], [8, 23], [9, 22], [10, 21], [11, 20], [12, 19]]"
prueba213,GGAUUUAAAAAACUAUUGUUUUUUCCUAUG,"[[7, 24], [8, 23], [9, 22], [10, 21], [11, 20], [12, 19]]"
prueba214,CGACCCAAAAAAACAGCUUUUUUUCGCGUG,"[[7, 24], [8, 23], [9, 22], [10, 21], [11, 20], [12, 19]]"
prueba215,GCCGGUAAAAAAUAGAACUUUUUUAGCUGC,"[[7, 24], [8, 23], [9, 22], [10, 21], [11, 20], [12, 19]]"
prueba216,CUGGCCAAAAAACAAUCCUUUUUUAAGCGG,"[[7, 24], [8, 23], [9, 22], [10, 21], [11, 20], [12, 19]]"
prueba217,ACUUGAAAAAAAGCAUAGUUUUUUGGAUUG,"[[7, 24], [8, 23], [9, 22], [10, 21], [11, 20], [12, 19]]"
prueba218,UCCGGCAAAAAAGUAAUCUUUUUUGGAGAU,"[[7, 24], [8, 23], [9, 22], [10, 21], [11, 20], [12, 19]]"
prueba219,CUUGCGAAAAAAUUUGGUUUUUUUAAGGAA,"[[7, 24], [8, 23], [9, 22], [10, 21], [11, 20], [12, 19]]"
prueba220,AGCACUAAAAAAAUUGUUUUUUUUAGUCAG,"[[7, 24], [8, 23], [9, 22], [10, 21], [11, 20], [12, 19]]"
prueba221,UGCCCGAAAAAAUGAGGCUUUUUUGGUCUA,"[[7, 24], [8, 23], [9, 22], [10, 21], [11, 20], [12, 19]]"
prueba222,UUGCGUAAAAAAUCACCGUUUUUUCCUUGA,"[[7, 24], [8, 23], [9, 22], [10, 21], [11, 20], [12, 19]]"
prueba223,CUCGCGAAAAAAAUUAAGUUUUUUAGUGCG,"[[7, 24], [8, 23], [9, 22], [10, 21], [11, 20], [12, 19]]"
prueba224,GACAGGAAAAAACGCACUUUUUUUGCUAUC,"[[7, 24], [8, 23], [9, 22], [10, 21], [11, 20], [12, 19]]"
prueba225,CUUUCUAAAAAAUCGUGUUUUUUUGGCUUA,"[[7, 24], [8, 23], [9, 22], [10, 21], [11, 20], [12, 19]]"
prueba226,UUGAGUAAAAAAAUCCGGUUUUUUUUAGAC,"[[7, 24], [8, 23], [9, 22], [10, 21], [11, 20], [12, 19]]"
prueba227,CGUAGGAAAAAAAUUCAGUUUUUUAGUACU,"[[7, 24], [8, 23], [9, 22], [10, 21], [11, 20], [12, 19]]"
prueba228,GGCCGAAAAAAAUAACAGUUUUUUGGGAUA,"[[7, 24], [8, 23], [9, 22], [10, 21], [11, 20], [12, 19]]"
prueba229,CUCUUGAAAAAAAGGACUUUUUUUGGAAAC,"[[7, 24], [8, 23], [9, 22], [10, 21], [11, 20], [12, 19]]"
prueba230,AACAAGAAAAAAGUGACGUUUUUUGUCCGU,"[[7, 24], [8, 23], [9, 22], [10, 21], [11, 20], [12, 19]]"
prueba231,ACAGGUAAAAAAAAAAAGUUUUUUUCACCC,"[[7, 24], [8, 23], [9, 22], [10, 21], [11, 20], [12, 19]]"
prueba232,UGGACCAAAAAACGAGGAUUUUUUGAGUCG,"[[7, 24], [8, 23], [9, 22], [10, 21], [11, 20], [12, 19]]"
prueba233,AACAAUAAAAAAGCGUCGUUUUUUUGAGGU,"[[7, 24], [8, 23], [9, 22], [10, 21], [11, 20], [12, 19]]"
prueba234,CCAGCCAAAAAAGCGAUCUUUUUUAAUCAU,"[[7, 24], [8, 23], [9, 22], [10, 21], [11, 20], [12, 19]]"
prueba235,GCCGACAAAAAAGGAAUGUUUUUUCGAAAA,"[[7, 24], [8, 23], [9, 22], [10, 21], [11, 20], [12, 19]]"
prueba236,GUCUCGAAAAAAAGCUCCUUUUUUAUAUAC,"[[7, 24], [8, 23], [9, 22], [10, 21], [11, 20], [12, 19]]"
prueba237,UUUGGGAAAAAAAGACGCUUUUUUGCUGAC,"[[7, 24], [8, 23], [9, 22], [10, 21], [11, 20], [12, 19]]"
prueba238,CUCAAAAAAAAAUGUUUAUUUUUUUCUGUU,"[[7, 24], [8, 23], [9, 22], [10, 21], [11, 20], [12, 19]]"
prueba239,GUUCUUAAAAAAAUGCAAUUUUUUGAUUUG,"[[7, 24], [8, 23], [9, 22], [10, 21], [11, 20], [12, 19]]"
prueba240,CAUAGCAAAAAAGGGCUUUUUUUUAUGUGC,"[[7, 24], [8, 23], [9, 22], [10, 21], [11, 20], [12, 19]]"
prueba241,AACAGAAAAAAACCACGCUUUUUUGCUAGA,"[[7, 24], [8, 23], [9, 22], [10, 21], [11, 20], [12, 19]]"
prueba242,GUCUAUAAAAAAACAGGGUUUUUUCAGGGG,"[[7, 24], [8, 23], [9, 22], [10, 21], [11, 20], [12, 19]]"
prueba243,UGACUGAAAAAAUUGAAAUUUUUUACUCCC,"[[7, 24], [8, 23], [9, 22], [10, 21], [11, 20], [12, 19]]"
prueba244,CUCAAAAAAAAAACCUAUUUUUUUUGGUCA,"[[7, 24], [8, 23], [9, 22], [10, 21], [11, 20], [12, 19]]"
prueba245,CGCCACAAAAAAUGAUGGUUUUUUUUCGGA,"[[7, 24], [8, 23], [9, 22], [10, 21], [11, 20], [12, 19]]"
prueba246,GCCGUUAAAAAAGUAAUGUUUUUUUUGCGG,"[[7, 24], [8, 23], [9, 22], [10, 21], [11, 20], [12, 19]]"
prueba247,GGUAGGAAAAAAAUUACGUUUUUUCGAUUA,"[[7, 24], [8, 23], [9, 22], [10, 21], [11, 20], [12, 19]]"
prueba248,AUCCAGAAAAAAAUGUCGUUUUUUGCCAAG,"[[7, 24], [8, 23], [9, 22], [10, 21], [11, 20], [12, 19]]"
prueba249,AUCCCUAAAAAAUUCACGUUUUUUCUAUGA,"[[7, 24], [8, 23], [9, 22], [10, 21], [11, 20], [12, 19]]"
prueba250,GCUAAGAAAAAACGGUGUUUUUUUGUCUUU,"[[7, 24], [8, 23], [9, 22], [10, 21], [11, 20], [12, 19]]"
prueba251,AAUGUAAAAAAAAUUGCCUUUUUUCGGGAU,"[[7, 24], [8, 23], [9, 22], [10, 21], [11, 20], [12, 19]]"
prueba252,ACUUGAAAAAAAGGGGCCUUUUUUUAGUGG,"[[7, 24], [8, 23], [9, 22], [10, 21], [11, 20], [12, 19]]"
prueba253,UCACUGAAAAAAGCGGUAUUUUUUAAUGGU,"[[7, 24], [8, 23], [9, 22], [10, 21], [11, 20], [12, 19]]"
prueba254,GCGCCAAAAAAACCUGAAUUUUUUCUGUUA,"[[7, 24], [8, 23], [9, 22], [10, 21], [11, 20], [12, 19]]"
prueba255,ACUAACAAAAAAAGUAAGUUUUUUUAUGUG,"[[7, 24], [8, 23], [9, 22], [10, 21], [11, 20], [12, 19]]"
prueba256,ACUAAGAAAAAAAAAAUAUUUUUUAUGCGG,"[[7, 24], [8, 23], [9, 22], [10, 21], [11, 20], [12, 19]]"
prueba257,GUCGAGAAAAAAGGGAGCUUUUUUCUAAGG,"[[7, 24], [8, 23], [9, 22], [10, 21], [11, 20], [12, 19]]"
prueba258,GCGAUAAAAAAAUGUCCGUUUUUUUGCACU,"[[7, 24], [8, 23], [9, 22], [10, 21], [11, 20], [12, 19]]"
prueba259,GAUUUUAAAAAACUACCUUUUUUUAGGGCG,"[[7, 24], [8, 23], [9, 22], [10, 21], [11, 20], [12, 19]]"
prueba260,GACAGAAAAAAAAAACUAUUUUUUAUAGGU,"[[7, 24], [8, 23], [9, 22], [10, 21], [11, 20], [12, 19]]"
prueba261,UCCCUCAAAAAAGGUUAGUUUUUUGACGGU,"[[7, 24], [8, 23], [9, 22], [10, 21], [11, 20], [12, 19]]"
prueba262,AAGUACAAAAAAAAUGUGUUUUUUGUGUUC,"[[7, 24], [8, 23], [9, 22], [10, 21], [11, 20], [12, 19]]"
prueba263,GAAGGUAAAAAAAUGUUCUUUUUUUGAUUG,"[[7, 24], [8, 23], [9, 22], [10, 21], [11, 20], [12, 19]]"
prueba264,GGCUCUAAAAAAGGAGCCUUUUUUGGAGCG,"[[7, 24], [8, 23], [9, 22], [10, 21], [11, 20], [12, 19]]"
prueba265,CAAUACAAAAAAUCCGAGUUUUUUAGUCAG,"[[7, 24], [8, 23], [9, 22], [10, 21], [11, 20], [12, 19]]"
prueba266,GGGGUCAAAAAAUCAUACUUUUUUGGGCAU,"[[7, 24], [8, 23], [9, 22], [10, 21], [11, 20], [12, 19]]"
prueba267,GUGUGAAAAAAAUAAUCCUUUUUUUCAUCG,"[[7, 24], [8, 23], [9, 22], [10, 21], [11, 20], [12, 19]]"
prueba268,GUUAUAAAAAAACGAUUAUUUUUUGAAUGA,"[[7, 24], [8, 23], [9, 22], [10, 21], [11, 20], [12, 19]]"
prueba269,CACUUUAAAAAAUAUGACUUUUUUACAAAA,"[[7, 24], [8, 23], [9, 22], [10, 21], [11, 20], [12, 19]]"
prueba270,AAGAAAAAAAAACUCACCUUUUUUAAUCAA,"[[7, 24], [8, 23], [9, 22], [10, 21], [11, 20], [12, 19]]"
prueba271,UCAUGCAAAAAAACCAGAUUUUUUAGUCAA,"[[7, 24], [8, 23], [9, 22], [10, 21], [11, 20], [12, 19]]"
prueba272,CCAUAGAAAAAAGUUAUAUUUUUUACCACU,"[[7, 24], [8, 23], [9, 22], [10, 21], [11, 20], [12, 19]]"
prueba273,CUACCGAAAAAACGAAGAUUUUUUAUACGC,"[[7, 24], [8, 23], [9, 22], [10, 21], [11, 20], [12, 19]]"
prueba274,GUCCGCAAAAAAUAUGCGUUUUUUUGCCCC,"[[7, 24], [8, 23], [9, 22], [10, 21], [11, 20], [12, 19]]"
prueba275,GCGCCAAAAAAACUCGCCUUUUUUGCUGUC,"[[7, 24], [8, 23], [9, 22], [10, 21], [11, 20], [12, 19]]"
prueba276,GGCAUUAAAAAACCUUAGUUUUUUGUGCCG,"[[7, 24], [8, 23], [9, 22], [10, 21], [11, 20], [12, 19]]"
prueba277,AACACAAAAAAACAACGAUUUUUUAAACCC,"[[7, 24], [8, 23], [9, 22], [10, 21], [11, 20], [12, 19]]"
prueba278,CUGGAGAAAAAAGGAGCAUUUUUUAUCCUA,"[[7, 24], [8, 23], [9, 22], [10, 21], [11, 20], [12, 19]]"
prueba279,AGUGCAAAAAAACCGUCCUUUUUUCCGUCA,"[[7, 24], [8, 23], [9, 22], [10, 21], [11, 20], [12, 19]]"
prueba280,UGACCAAAAAAAUAAACUUUUUUUAGUAGG,"[[7, 24], [8, 23], [9, 22], [10, 21], [11, 20], [12, 19]]"
prueba281,AGCUUUAAAAAAAUCUGGUUUUUUAAGUGC,"[[7, 24], [8, 23], [9, 22], [10, 21], [11, 20], [12, 19]]"
prueba282,AGCGUAAAAAAAUGUCGGUUUUUUGAAUAU,"[[7, 24], [8, 23], [9, 22], [10, 21], [11, 20], [12, 19]]"
prueba283,CUCAGCAAAAAAGAGCCAUUUUUUAUGUCC,"[[7, 24], [8, 23], [9, 22], [10, 21], [11, 20], [12, 19]]"
prueba284,CAAACGAAAAAAGCGAACUUUUUUCGACUC,"[[7, 24], [8, 23], [9, 22], [10, 21], [11, 20], [12, 19]]"
prueba285,ACUACGAAAAAAUUGGACUUUUUUCUCCGC,"[[7, 24], [8, 23], [9, 22], [10, 21], [11, 20], [12, 19]]"
prueba286,UCCGUAAAAAAAGUUCCUUUUUUUAGGGCG,"[[7, 24], [8, 23], [9, 22], [10, 21], [11, 20], [12, 19]]"
prueba287,ACGACCAAAAAAUAUCGGUUUUUUCCGUCU,"[[7, 24], [8, 23], [9, 22], [10, 21], [11, 20], [12, 19]]"
prueba288,GCCUACAAAAAAUGAUGGUUUUUUGUGUAG,"[[7, 24], [8, 23], [9, 22], [10, 21], [11, 20], [12, 19]]"
prueba289,ACCGGGAAAAAACUAUUGUUUUUUGGCGCG,"[[7, 24], [8, 23], [9, 22], [10, 21], [11, 20], [12, 19]]"
prueba290,UUACAGAAAAAAAAAGGCUUUUUUUCUAUC,"[[7, 24], [8, 23], [9, 22], [10, 21], [11, 20], [12, 19]]"
prueba291,UACGCCAAAAAACAAGUCUUUUUUGAAUUC,"[[7, 24], [8, 23], [9, 22], [10, 21], [11, 20], [12, 19]]"
prueba292,CUUCGUAAAAAAUGCGGCUUUUUUAGCCCG,"[[7, 24], [8, 23], [9, 22], [10, 21], [11, 20], [12, 19]]"
prueba293,UAGUGGAAAAAAAAUCCGUUUUUUCCGCCC,"[[7, 24], [8, 23], [9, 22], [10, 21], [11, 20], [12, 19]]"
prueba294,CGCCUCAAAAAAAGACAGUUUUUUGAUCGA,"[[7, 24], [8, 23], [9, 22], [10, 21], [11, 20], [12, 19]]"
prueba295,GGGACUAAAAAACUUUUGUUUUUUGCCUGU,"[[7, 24], [8, 23], [9, 22], [10, 21], [11, 20], [12, 19]]"
prueba296,CCUCGUAAAAAACUGCGCUUUUUUGUUGGA,"[[7, 24], [8, 23], [9, 22], [10, 21], [11, 20], [12, 19]]"
prueba297,CAUUUUAAAAAAAUGUUGUUUUUUUCACAC,"[[7, 24], [8, 23], [9, 22], [10, 21], [11, 20], [12, 19]]"
prueba298,UAAUAAAAAAAAAAUUUGUUUUUUCCUGCG,"[[7, 24], [8, 23], [9, 22], [10, 21], [11, 20], [12, 19]]"
prueba299,GAAUGAAAAAAAGUUACUUUUUUUCGACAA,"[[7, 24], [8, 23], [9, 22], [10, 21], [11, 20], [12, 19]]"
prueba300,UGUCGAAAAAAAUCGACUUUUUUUAAGCCC,"[[7, 24], [8, 23], [9, 22], [10, 21], [11, 20], [12, 19]]"
prueba301,UAUAUAAAAAAACUAAUGUUUUUUAACCGU,"[[7, 24], [8, 23], [9, 22], [10, 21], [11, 20], [12, 19]]"
prueba302,UUGUCUAAAAAAUAGGAAUUUUUUCCACUC,"[[7, 24], [8, 23], [9, 22], [10, 21], [11, 20], [12, 19]]"
prueba303,GCACUGAAAAAAUCCAGCUUUUUUCCUUUU,"[[7, 24], [8, 23], [9, 22], [10, 21], [11, 20], [12, 19]]"
prueba304,CGGAUCAAAAAAUAUAUGUUUUUUCAAUCA,"[[7, 24], [8, 23], [9, 22], [10, 21], [11, 20], [12, 19]]"
prueba305,CAUUUUAAAAAAAAGUAAUUUUUUCUCUAG,"[[7, 24], [8, 23], [9, 22], [10, 21], [11, 20], [12, 19]]"
prueba306,GGGCACAAAAAAUCGCUCUUUUUUGAUCGA,"[[7, 24], [8, 23], [9, 22], [10, 21], [11, 20], [12, 19]]"
prueba307,AGACGUAAAAAAGGAGCAUUUUUUUGGGGG,"[[7, 24], [8, 23], [9, 22], [10, 21], [11, 20], [12, 19]]"
prueba308,AACUCGAAAAAAACCGUGUUUUUUUCUUGG,"[[7, 24], [8, 23], [9, 22], [10, 21], [11, 20], [12, 19]]"
prueba309,AUUUCUAAAAAAUGAUGCUUUUUUCAAUCG,"[[7, 24], [8, 23], [9, 22], [10, 21], [11, 20], [12, 19]]"
prueba310,UCGAAAAAAAAAGGUAAGUUUUUUGAUAAG,"[[7, 24], [8, 23], [9, 22], [10, 21], [11, 20], [12, 19]]"
prueba311,GUGGCCAAAAAAUAAUCCUUUUUUUGUAGU,"[[7, 24], [8, 23], [9, 22], [10, 21], [11, 20], [12, 19]]"
prueba312,AGCUAGAAAAAAAAUAUUUUUUUUGACACG,"[[7, 24], [8, 23], [9, 22], [10, 21], [11, 20], [12, 19]]"
prueba313,GGGUUAAAAAAACCGUCAUUUUUUAGGCGU,"[[7, 24], [8, 23], [9, 22], [10, 21], [11, 20], [12, 19]]"
prueba314,GGCGAGAAAAAAUGUGUGUUUUUUAUCAAA,"[[7, 24], [8, 23], [9, 22], [10, 21], [11, 20], [12, 19]]"
prueba315,AGUUCUAAAAAAAUUGAUUUUUUUACAAGU,"[[7, 24], [8, 23], [9, 22], [10, 21], [11, 20], [12, 19]]"
prueba316,UCCGAGAAAAAAAUACCCUUUUUUGAGGCG,"[[7, 24], [8, 23], [9, 22], [10, 21], [11, 20], [12, 19]]"
prueba317,AGCGAAAAAAAACCGGCCUUUUUUACAGUA,"[[7, 24], [8, 23], [9, 22], [10, 21], [11, 20], [12, 19]]"
prueba318,GCGCCAAAAAAAAGGGGCUUUUUUACUGUG,"[[7, 24], [8, 23], [9, 22], [10, 21], [11, 20], [12, 19]]"
prueba319,AUUGACAAAAAAGAGCAUUUUUUUUCUUAA,"[[7, 24], [8, 23], [9, 22], [10, 21], [11, 20], [12, 19]]"
prueba320,CCACAAAAAAAAAAACAUUUUUUUCGUUUC,"[[7, 24], [8, 23], [9, 22], [10, 21], [11, 20], [12, 19]]"
prueba321,GCCGGUAAAAAACACAAUUUUUUUAGCUGC,"[[7, 24], [8, 23], [9, 22], [10, 21], [11, 20], [12, 19]]"
prueba322,UAACGGAAAAAAGGUGUAUUUUUUUUUGGG,"[[7, 24], [8, 23], [9, 22], [10, 21], [11, 20], [12, 19]]"
prueba323,AUCUAGAAAAAAAAACACUUUUUUCGUAUU,"[[7, 24], [8, 23], [9, 22], [10, 21], [11, 20], [12, 19]]"
prueba324,CAAAGAAAAAAAAGCCUUUUUUUUUGAUAA,"[[7, 24], [8, 23], [9, 22], [10, 21], [11, 20], [12, 19]]"
prueba325,CGGUAAAAAAAAUUAACAUUUUUUUCGCUC,"[[7, 24], [8, 23], [9, 22], [10, 21], [11, 20], [12, 19]]"
prueba326,AUAUUAAAAAAAUCUUAAUUUUUUCUUGGC,"[[7, 24], [8, 23], [9, 22], [10, 21], [11, 20], [12, 19]]"
prueba327,ACGCGGAAAAAAAGAGUUUUUUUUGUACGA,"[[7, 24], [8, 23], [9, 22], [10, 21], [11, 20], [12, 19]]"
prueba328,CAGCGAAAAAAACUGGUUUUUUUUGGAUAG,"[[7, 24], [8, 23], [9, 22], [10, 21], [11, 20], [12, 19]]"
prueba329,CCAGGAAAAAAAGGCAACUUUUUUGCAAGG,"[[7, 24], [8, 23], [9, 22], [10, 21], [11, 20], [12, 19]]"
prueba330,GAAAAGAAAAAAGUUAGUUUUUUUUCCGGG,"[[7, 24], [8, 23], [9, 22], [10, 21], [11, 20], [12, 19]]"
prueba331,CCUCCCAAAAAACUUGGAUUUUUUCUCUUU,"[[7, 24], [8, 23], [9, 22], [10, 21], [11, 20], [12, 19]]"
prueba332,CGGACGAAAAAAGCGGCGUUUUUUAUCGGG,"[[7, 24], [8, 23], [9, 22], [10, 21], [11, 20], [12, 19]]"
prueba333,GGAAGAAAAAAACGAUGCUUUUUUCCUCGG,"[[7, 24], [8, 23], [9, 22], [10, 21], [11, 20], [12, 19]]"
prueba334,UUGCGUAAAAAAAUCGCUUUUUUUUCAUAA,"[[7, 24], [8, 23], [9, 22], [10, 21], [11, 20], [12, 19]]"
prueba335,GAGGUCAAAAAAUCUACCUUUUUUUCUUCC,"[[7, 24], [8, 23], [9, 22], [10, 21], [11, 20], [12, 19]]"
prueba336,UCCAUUAAAAAAGUCGGAUUUUUUACGAGU,"[[7, 24], [8, 23], [9, 22], [10, 21], [11, 20], [12, 19]]"
prueba337,UUGUUGAAAAAAUAGGCAUUUUUUAGACUC,"[[7, 24], [8, 23], [9, 22], [10, 21], [11, 20], [12, 19]]"
prueba338,CAAGCCAAAAAAGAGCGGUUUUUUCUUCAU,"[[7, 24], [8, 23], [9, 22], [10, 21], [11, 20], [12, 19]]"
prueba339,UCAGUUAAAAAACUCACCUUUUUUUCCUUA,"[[7, 24], [8, 23], [9, 22], [10, 21], [11, 20], [12, 19]]"
prueba340,CCGAGGAAAAAAUCGUAAUUUUUUGCUAUA,"[[7, 24], [8, 23], [9, 22], [10, 21], [11, 20], [12, 19]]"
prueba341,UCAUUCAAAAAACCCAGUUUUUUUUUGAUA,"[[7, 24], [8, 23], [9, 22], [10, 21], [11, 20], [12, 19]]"
prueba342,GGUCUUAAAAAAACGGAGUUUUUUUCCUUU,"[[7, 24], [8, 23], [9, 22], [10, 21], [11, 20], [12, 19]]"
prueba343,UAACGUAAAAAACACUUCUUUUUUCACUCU,"[[7, 24], [8, 23], [9, 22], [10, 21], [11, 20], [12, 19]]"
prueba344,AAGAAGAAAAAAUUAGGUUUUUUUCAAAGC,"[[7, 24], [8, 23], [9, 22], [10, 21], [11, 20], [12, 19]]"
prueba345,AGCGAUAAAAAACCAGGAUUUUUUGUGGCA,"[[7, 24], [8, 23], [9, 22], [10, 21], [11, 20], [12, 19]]"
prueba346,AACGAGAAAAAACAAGGGUUUUUUGUGCAG,"[[7, 24], [8, 23], [9, 22], [10, 21], [11, 20], [12, 19]]"
prueba347,GAGAACAAAAAACCCAAAUUUUUUUUUAGG,"[[7, 24], [8, 23], [9, 22], [10, 21], [11, 20], [12, 19]]"
prueba348,ACAGAAAAAAAACAUCACUUUUUUGAACUU,"[[7, 24], [8, 23], [9, 22], [10, 21], [11, 20], [12, 19]]"
prueba349,CCCUCCAAAAAAUAAUGAUUUUUUGCGGUG,"[[7, 24], [8, 23], [9, 22], [10, 21], [11, 20], [12, 19]]"
prueba350,CGCUAUAAAAAAGAUUUAUUUUUUCUUUGG,"[[7, 24], [8, 23], [9, 22], [10, 21], [11, 20], [12, 19]]"
prueba351,AUAGCUAAAAAAACGGCAUUUUUUGCAUCC,"[[7, 24], [8, 23], [9, 22], [10, 21], [11, 20], [12, 19]]"
prueba352,AGGUUCAAAAAAUUGGGUUUUUUUUGGGAC,"[[7, 24], [8, 23], [9, 22], [10, 21], [11, 20], [12, 19]]"
prueba353,CGUGUCAAAAAAAUCGACUUUUUUAAGUUC,"[[7, 24], [8, 23], [9, 22], [10, 21], [11, 20], [12, 19]]"
prueba354,UACCACAAAAAAGUAGAUUUUUUUGUUAUU,"[[7, 24], [8, 23], [9, 22], [10, 21], [11, 20], [12, 19]]"
prueba355,AGCCCGAAAAAACUCCGCUUUUUUACACUC,"[[7, 24], [8, 23], [9, 22], [10, 21], [11, 20], [12, 19]]"
prueba356,CAUGUAAAAAAAGGUGAAUUUUUUGCAAGC,"[[7, 24], [8, 23], [9, 22], [10, 21], [11, 20], [12, 19]]"
prueba357,CGCAGGAAAAAAUCGGAUUUUUUUAGACAG,"[[7, 24], [8, 23], [9, 22], [10, 21], [11, 20], [12, 19]]"
prueba358,CGGGCUAAAAAAAGGGACUUUUUUAACAUG,"[[7, 24], [8, 23], [9, 22], [10, 21], [11, 20], [12, 19]]"
prueba359,GGCCUAAAAAAACAAUCAUUUUUUGUGCUC,"[[7, 24], [8, 23], [9, 22], [10, 21], [11, 20], [12, 19]]"
prueba360,AGUCAAAAAAAAUAAGAUUUUUUUGUUCGG,"[[7, 24], [8, 23], [9, 22], [10, 21], [11, 20], [12, 19]]"
prueba361,GUUCUCAAAAAAGUCGAAUUUUUUACGUGU,"[[7, 24], [8, 23], [9, 22], [10, 21], [11, 20], [12, 19]]"
prueba362,UGUGCGAAAAAAACAGGGUUUUUUCACCUA,"[[7, 24], [8, 23], [9, 22], [10, 21], [11, 20], [12, 19]]"
prueba363,CGAUGGAAAAAAUAACCGUUUUUUUCUGAU,"[[7, 24], [8, 23], [9, 22], [10, 21], [11, 20], [12, 19]]"
prueba364,AAUAGCAAAAAAUAUUGAUUUUUUAGCCGU,"[[7, 24], [8, 23], [9, 22], [10, 21], [11, 20], [12, 19]]"
prueba365,GGGUCCAAAAAAGCGGCGUUUUUUGCUUAU,"[[7, 24], [8, 23], [9, 22], [10, 21], [11, 20], [12, 19]]"
prueba366,ACACACAAAAAAUUUACCUUUUUUACUUCC,"[[7, 24], [8, 23], [9, 22], [10, 21], [11, 20], [12, 19]]"
prueba367,GCGCGAAAAAAAUCCGUAUUUUUUUUUCGU,"[[7, 24], [8, 23], [9, 22], [10, 21], [11, 20], [12, 19]]"
prueba368,UCGCCAAAAAAAGAAAGUUUUUUUGCUCUA,"[[7, 24], [8, 23], [9, 22], [10, 21], [11, 20], [12, 19]]"
prueba369,AUCAUCAAAAAAGCCCCUUUUUUUUCAAGC,"[[7, 24], [8, 23], [9, 22], [10, 21], [11, 20], [12, 19]]"
prueba370,UCAAUAAAAAAAUCUCUGUUUUUUUCAUGA,"[[7, 24], [8, 23], [9, 22], [10, 21], [11, 20], [12, 19]]"
prueba371,AGUUUUAAAAAAGGCAUUUUUUUUGCACAU,"[[7, 24], [8, 23], [9, 22], [10, 21], [11, 20], [12, 19]]"
prueba372,UUGAGUAAAAAACUACAGUUUUUUAUUUAG,"[[7, 24], [8, 23], [9, 22], [10, 21], [11, 20], [12, 19]]"
prueba373,CGUUAUAAAAAAUAUAUCUUUUUUGCAAUU,"[[7, 24], [8, 23], [9, 22], [10, 21], [11, 20], [12, 19]]"
prueba374,CUGUAAAAAAAAAGUCAGUUUUUUCCAGGC,"[[7, 24], [8, 23], [9, 22], [10, 21], [11, 20], [12, 19]]"
prueba375,AGCAUCAAAAAACAAUGCUUUUUUGGCCCG,"[[7, 24], [8, 23], [9, 22], [10, 21], [11, 20], [12, 19]]"
prueba376,ACGGAUAAAAAACUUGCGUUUUUUGGCGCU,"[[7, 24], [8, 23], [9, 22], [10, 21], [11, 20], [12, 19]]"
prueba377,CCCCCUAAAAAAGAUGACUUUUUUCUCGCA,"[[7, 24], [8, 23], [9, 22], [10, 21], [11, 20], [12, 19]]"
prueba378,CGUUAAAAAAAAACCUGAUUUUUUCACCUA,"[[7, 24], [8, 23], [9, 22], [10, 21], [11, 20], [12, 19]]"
prueba379,CCUUAGAAAAAAUUGAGGUUUUUUGGCAUC,"[[7, 24], [8, 23], [9, 22], [10, 21], [11, 20], [12, 19]]"
prueba380,GUUAACAAAAAAAUCUAUUUUUUUAUUGAU,"[[7, 24], [8, 23], [9, 22], [10, 21], [11, 20], [12, 19]]"
prueba381,AUUACUAAAAAAACAAUUUUUUUUAACGGA,"[[7, 24], [8, 23], [9, 22], [10, 21], [11, 20], [12, 19]]"
prueba382,CCUGAGAAAAAAAUCAAGUUUUUUCGAGUU,"[[7, 24], [8, 23], [9, 22], [10, 21], [11, 20], [12, 19]]"
prueba383,UCUAUGAAAAAACUUCAAUUUUUUCACCAG,"[[7, 24], [8, 23], [9, 22], [10, 21], [11, 20], [12, 19]]"
prueba384,CGCGUCAAAAAAUUUACCUUUUUUUGCUUU,"[[7, 24], [8, 23], [9, 22], [10, 21], [11, 20], [12, 19]]"
prueba385,AGACGUAAAAAAACUAUUUUUUUUACCAUA,"[[7, 24], [8, 23], [9, 22], [10, 21], [11, 20], [12, 19]]"
prueba386,AGCAAGAAAAAAGAGCAAUUUUUUCUGGCC,"[[7, 24], [8, 23], [9, 22], [10, 21], [11, 20], [12, 19]]"
prueba387,CGCAUCAAAAAAUGAAAAUUUUUUAAUGCA,"[[7, 24], [8, 23], [9, 22], [10, 21], [11, 20], [12, 19]]"
prueba388,GCGGGGAAAAAACUCGCCUUUUUUGCCUUG,"[[7, 24], [8, 23], [9, 22], [10, 21], [11, 20], [12, 19]]"
prueba389,AGUCGGAAAAAAUCAUCAUUUUUUCUAAGA,"[[7, 24], [8, 23], [9, 22], [10, 21], [11, 20], [12, 19]]"
prueba390,GAGGAAAAAAAAAGGCGUUUUUUUCUCGUU,"[[7, 24], [8, 23], [9, 22], [10, 21], [11, 20], [12, 19]]"
prueba391,UCACCAAAAAAAAUCCAGUUUUUUCCUCGU,"[[7, 24], [8, 23], [9, 22], [10, 21], [11, 20], [12, 19]]"
prueba392,CUGCGGAAAAAACAACUAUUUUUUCGGCUG,"[[7, 24], [8, 23], [9, 22], [10, 21], [11, 20], [12, 19]]"
prueba393,GGUCCCAAAAAACACAUGUUUUUUUGCAUA,"[[7, 24], [8, 23], [9, 22], [10, 21], [11, 20], [12, 19]]"
prueba394,CGCGGUAAAAAACCUGUUUUUUUUUCCUGU,"[[7, 24], [8, 23], [9, 22], [10, 21], [11, 20], [12, 19]]"
prueba395,GAAGGCAAAAAAUCGUGCUUUUUUUCGUAA,"[[7, 24], [8, 23], [9, 22], [10, 21], [11, 20], [12, 19]]"
prueba396,GUUCAUAAAAAACGCUGCUUUUUUCGCGUC,"[[7, 24], [8, 23], [9, 22], [10, 21], [11, 20], [12, 19]]"
prueba397,UUCUUAAAAAAAUGAUCGUUUUUUCUUGGA,"[[7, 24], [8, 23], [9, 22], [10, 21], [11, 20], [12, 19]]"
prueba398,CAAAUAAAAAAAGUCAUCUUUUUUCUAAGG,"[[7, 24], [8, 23], [9, 22], [10, 21], [11, 20], [12, 19]]"
prueba399,UUAGCAAAAAAAAGAAAUUUUUUUUCCAAU,"[[7, 24], [8, 23], [9, 22], [10, 21], [11, 20], [12, 19]]"
prueba400,GAGGCGAAAAAAUGUUCGUUUUUUCUGAGC,"[[7, 24], [8, 23], [9, 22], [10, 21], [11, 20], [12, 19]]"
prueba401,AGCCGCAAAAAAAUAUAGUUUUUUGACCAA,"[[7, 24], [8, 23], [9, 22], [10, 21], [11, 20], [12, 19]]"
prueba402,CAACCCAAAAAAUCCAGAUUUUUUUUAUCG,"[[7, 24], [8, 23], [9, 22], [10, 21], [11, 20], [12, 19]]"
prueba403,CACCAAAAAAAACAGGCAUUUUUUCAGCAC,"[[7, 24], [8, 23], [9, 22], [10, 21], [11, 20], [12, 19]]"
prueba404,ACGUCCAAAAAAUGAAACUUUUUUCGUCUA,"[[7, 24], [8, 23], [9, 22], [10, 21], [11, 20], [12, 19]]"
prueba405,GAACGUAAAAAAAGCAUGUUUUUUUGGAAA,"[[7, 24], [8, 23], [9, 22], [10, 21], [11, 20], [12, 19]]"
prueba406,UCACCAAAAAAAUCACCCUUUUUUAGUCGC,"[[7, 24], [8, 23], [9, 22], [10, 21], [11, 20], [12, 19]]"
prueba407,GCGUGGAAAAAAAAGGCUUUUUUUAUCGGC,"[[7, 24], [8, 23], [9, 22], [10, 21], [11, 20], [12, 19]]"
prueba408,CCCUACAAAAAAGUGCUUUUUUUUCUAACC,"[[7, 24], [8, 23], [9, 22], [10, 21], [11, 20], [12, 19]]"
prueba409,ACUUUAAAAAAACCGUUAUUUUUUAUGUGU,"[[7, 24], [8, 23], [9, 22], [10, 21], [11, 20], [12, 19]]"
prueba410,GUAGGGAAAAAAAGAAACUUUUUUGUGUCA,"[[7, 24], [8, 23], [9, 22], [10, 21], [11, 20], [12, 19]]"
prueba411,UGUGCUAAAAAAAUGGUAUUUUUUCUCUGC,"[[7, 24], [8, 23], [9, 22], [10, 21], [11, 20], [12, 19]]"
prueba412,ACAAUUAAAAAAAGCACCUUUUUUUCGCCU,"[[7, 24], [8, 23], [9, 22], [10, 21], [11, 20], [12, 19]]"
prueba413,CGUGGAAAAAAAGUGGUUUUUUUUUAACUA,"[[7, 24], [8, 23], [9, 22], [10, 21], [11, 20], [12, 19]]"
prueba414,UCGCAAAAAAAAAGGUUGUUUUUUAGAUUA,"[[7, 24], [8, 23], [9, 22], [10, 21], [11, 20], [12, 19]]"
prueba415,UGUGCCAAAAAAUGUAAAUUUUUUUGGCAC,"[[7, 24], [8, 23], [9, 22], [10, 21], [11, 20], [12, 19]]"
prueba416,CACGUCAAAAAAGAUCGAUUUUUUUGGGCC,"[[7, 24], [8, 23], [9, 22], [10, 21], [11, 20], [12, 19]]"
prueba417,GUUGCAAAAAAACACGACUUUUUUCAAGAU,"[[7, 24], [8, 23], [9, 22], [10, 21], [11, 20], [12, 19]]"
prueba418,AACCGUAAAAAAUAUAAAUUUUUUAUUGAU,"[[7, 24], [8, 23], [9, 22], [10, 21], [11, 20], [12, 19]]"
prueba419,ACCUGAAAAAAAGAUUCAUUUUUUUUGACG,"[[7, 24], [8, 23], [9, 22], [10, 21], [11, 20], [12, 19]]"
prueba420,CGGAGUAAAAAAUUGUGUUUUUUUUGCUGG,"[[7, 24], [8, 23], [9, 22], [10, 21], [11, 20], [12, 19]]"
prueba421,UAUAAAAAAAAACUUGCAUUUUUUGCUCCG,"[[7, 24], [8, 23], [9, 22], [10, 21], [11, 20], [12, 19]]"
prueba422,CCGUUUAAAAAACUACGCUUUUUUUAUUGG,"[[7, 24], [8, 23], [9, 22], [10, 21], [11, 20], [12, 19]]"
prueba423,UAAAAUAAAAAACGGUGGUUUUUUAGCACA,"[[7, 24], [8, 23], [9, 22], [10, 21], [11, 20], [12, 19]]"
prueba424,UCAUUUAAAAAAAAUACGUUUUUUAGAGUU,"[[7, 24], [8, 23], [9, 22], [10, 21], [11, 20], [12, 19]]"
prueba425,GUCCGCAAAAAAGAGGGCUUUUUUGACUCA,"[[7, 24], [8, 23], [9, 22], [10, 21], [11, 20], [12, 19]]"
prueba426,GUGUCGAAAAAAACGCUUUUUUUUAGCAUU,"[[7, 24], [8, 23], [9, 22], [10, 21], [11, 20], [12, 19]]"
prueba427,UGCCAAAAAAAACAGCAGUUUUUUAGAUGA,"[[7, 24], [8, 23], [9, 22], [10, 21], [11, 20], [12, 19]]"
prueba428,AAUGGGAAAAAAUUACAAUUUUUUGCAUUG,"[[7, 24], [8, 23], [9, 22], [10, 21], [11, 20], [12, 19]]"
prueba429,GAAGAGAAAAAAAACCAUUUUUUUUGGAUA,"[[7, 24], [8, 23], [9, 22], [10, 21], [11, 20], [12, 19]]"
prueba430,GUGUACAAAAAAGGCCGCUUUUUUAUCAAG,"[[7, 24], [8, 23], [9, 22], [10, 21], [11, 20], [12, 19]]"
prueba431,CCGUCGAAAAAAAGUUCGUUUUUUUGUAGA,"[[7, 24], [8, 23], [9, 22], [10, 21], [11, 20], [12, 19]]"
prueba432,GGGGUCAAAAAAAUGGUGUUUUUUACGCAA,"[[7, 24], [8, 23], [9, 22], [10, 21], [11, 20], [12, 19]]"
prueba433,CAGCGGAAAAAAUUGCGCUUUUUUAAGGUC,"[[7, 24], [8, 23], [9, 22], [10, 21], [11, 20], [12, 19]]"
prueba434,UAGAAUAAAAAAGCACGGUUUUUUCACGGA,"[[7, 24], [8, 23], [9, 22], [10, 21], [11, 20], [12, 19]]"
prueba435,ACUGGGAAAAAAACUAUAUUUUUUAGUGCG,"[[7, 24], [8, 23], [9, 22], [10, 21], [11, 20], [12, 19]]"
prueba436,GAUCCCAAAAAAAAGUGAUUUUUUUGGACU,"[[7, 24], [8, 23], [9, 22], [10, 21], [11, 20], [12, 19]]"
prueba437,AAAUCUAAAAAAUACCCGUUUUUUGAUAGC,"[[7, 24], [8, 23], [9, 22], [10, 21], [11, 20], [12, 19]]"
prueba438,CCGAGAAAAAAAGGGUGGUUUUUUACUGUG,"[[7, 24], [8, 23], [9, 22], [10, 21], [11, 20], [12, 19]]"
prueba439,UCACAAAAAAAAACUUUGUUUUUUGACAUU,"[[7, 24], [8, 23], [9, 22], [10, 21], [11, 20], [12, 19]]"
prueba440,CAGUAGAAAAAACAUCUCUUUUUUUUCUUU,"[[7, 24], [8, 23], [9, 22], [10, 21], [11, 20], [12, 19]]"
prueba441,CAGUGCAAAAAAUAUUGAUUUUUUUAAAUG,"[[7, 24], [8, 23], [9, 22], [10, 21], [11, 20], [12, 19]]"
prueba442,CCAACCAAAAAAGCACAAUUUUUUAGCUCA,"[[7, 24], [8, 23], [9, 22], [10, 21], [11, 20], [12, 19]]"
prueba443,AUGGCAAAAAAAGCCGGCUUUUUUUGGAUA,"[[7, 24], [8, 23], [9, 22], [10, 21], [11, 20], [12, 19]]"
prueba444,UCAUCAAAAAAAACGUGAUUUUUUCCACCU,"[[7, 24], [8, 23], [9, 22], [10, 21], [11, 20], [12, 19]]"
prueba445,UAGGGUAAAAAAGAGGCUUUUUUUAGCAAC,"[[7, 24], [8, 23], [9, 22], [10, 21], [11, 20], [12, 19]]"
prueba446,AUACAUAAAAAAGGCCGUUUUUUUCGCACA,"[[7, 24], [8, 23], [9, 22], [10, 21], [11, 20], [12, 19]]"
prueba447,AUUAUGAAAAAAGCUUUGUUUUUUAUGUAG,"[[7, 24], [8, 23], [9, 22], [10, 21], [11, 20], [12, 19]]"
prueba448,UGCUCCAAAAAAUUGUACUUUUUUUAUGGU,"[[7, 24], [8, 23], [9, 22], [10, 21], [11, 20], [12, 19]]"
prueba449,CGACGGAAAAAAUAUAAAUUUUUUAAGUCG,"[[7, 24], [8, 23], [9, 22], [10, 21], [11, 20], [12, 19]]"
prueba450,CAAGCAAAAAAAUCUGUAUUUUUUGCAGUG,"[[7, 24], [8, 23], [9, 22], [10, 21], [11, 20], [12, 19]]"
prueba451,CACUUAAAAAAAGCAAGCUUUUUUUAGCAG,"[[7, 24], [8, 23], [9, 22], [10, 21], [11, 20], [12, 19]]"
prueba452,CUCCGGAAAAAAUGACGAUUUUUUAACCAC,"[[7, 24], [8, 23], [9, 22], [10, 21], [11, 20], [12, 19]]"
prueba453,CGCUUGAAAAAAACCGGCUUUUUUCGCCGA,"[[7, 24], [8, 23], [9, 22], [10, 21], [11, 20], [12, 19]]"
prueba454,AUCUCUAAAAAAUUGGUAUUUUUUGCGACU,"[[7, 24], [8, 23], [9, 22], [10, 21], [11, 20], [12, 19]]"
prueba455,ACUAUGAAAAAAUGCACUUUUUUUGGUCGG,"[[7, 24], [8, 23], [9, 22], [10, 21], [11, 20], [12, 19]]"
prueba456,CCAUGGAAAAAAUGACGAUUUUUUAGACUC,"[[7, 24], [8, 23], [9, 22], [10, 21], [11, 20], [12, 19]]"
prueba457,UCGAGAAAAAAAUGUGCGUUUUUUGGAUAC,"[[7, 24], [8, 23], [9, 22], [10, 21], [11, 20], [12, 19]]"
prueba458,CCUUAUAAAAAAUGAGCCUUUUUUAUGCCA,"[[7, 24], [8, 23], [9, 22], [10, 21], [11, 20], [12, 19]]"
prueba459,GAAUGGAAAAAACCAGGCUUUUUUUCGGUA,"[[7, 24], [8, 23], [9, 22], [10, 21], [11, 20], [12, 19]]"
prueba460,UCGAUGAAAAAAGACCAAUUUUUUGGGGAU,"[[7, 24], [8, 23], [9, 22], [10, 21], [11, 20], [12, 19]]"
prueba461,UGUGCUAAAAAAACGUGCUUUUUUCAUUGU,"[[7, 24], [8, 23], [9, 22], [10, 21], [11, 20], [12, 19]]"
prueba462,ACCAGGAAAAAACGAAAAUUUUUUGAACGA,"[[7, 24], [8, 23], [9, 22], [10, 21], [11, 20], [12, 19]]"
prueba463,AAUUAGAAAAAAUACGCUUUUUUUCGGGCA,"[[7, 24], [8, 23], [9, 22], [10, 21], [11, 20], [12, 19]]"
prueba464,UGAUCGAAAAAACCGGAUUUUUUUAAUUGC,"[[7, 24], [8, 23], [9, 22], [10, 21], [11, 20], [12, 19]]"
prueba465,UGCAUAAAAAAAUCCUUAUUUUUUAUGUCU,"[[7, 24], [8, 23], [9, 22], [10, 21], [11, 20], [12, 19]]"
prueba466,CAAGGCAAAAAAAUGGUGUUUUUUUAUCUG,"[[7, 24], [8, 23], [9, 22], [10, 21], [11, 20], [12, 19]]"
prueba467,CGGGACAAAAAAGGUCUCUUUUUUACAGCC,"[[7, 24], [8, 23], [9, 22], [10, 21], [11, 20], [12, 19]]"
prueba468,CGUCUAAAAAAAGGGGUUUUUUUUGAUAGU,"[[7, 24], [8, 23], [9, 22], [10, 21], [11, 20], [12, 19]]"
prueba469,GAAAGUAAAAAAGUCUCGUUUUUUAUAUCU,"[[7, 24], [8, 23], [9, 22], [10, 21], [11, 20], [12, 19]]"
prueba470,AGGGUAAAAAAAUUACGAUUUUUUAGCGGG,"[[7, 24], [8, 23], [9, 22], [10, 21], [11, 20], [12, 19]]"
prueba471,UUACAGAAAAAACUUGGUUUUUUUCAUUAG,"[[7, 24], [8, 23], [9, 22], [10, 21], [11, 20], [12, 19]]"
prueba472,AAUUGUAAAAAAAGACUAUUUUUUUCGACC,"[[7, 24], [8, 23], [9, 22], [10, 21], [11, 20], [12, 19]]"
prueba473,UAGCGGAAAAAAGUUGCGUUUUUUCAAACG,"[[7, 24], [8, 23], [9, 22], [10, 21], [11, 20], [12, 19]]"
prueba474,GACAGUAAAAAAUCAUUAUUUUUUUUAUUA,"[[7, 24], [8, 23], [9, 22], [10, 21], [11, 20], [12, 19]]"
prueba475,AUAGUAAAAAAACCGAAUUUUUUUAUACCC,"[[7, 24], [8, 23], [9, 22], [10, 21], [11, 20], [12, 19]]"
prueba476,CCUUUAAAAAAAUCUACCUUUUUUCAGGUG,"[[7, 24], [8, 23], [9, 22], [10, 21], [11, 20], [12, 19]]"
prueba477,CGCCCUAAAAAACUUAACUUUUUUGACCCU,"[[7, 24], [8, 23], [9, 22], [10, 21], [11, 20], [12, 19]]"
prueba478,UGAUAGAAAAAAUCCCAUUUUUUUACUGUA,"[[7, 24], [8, 23], [9, 22], [10, 21], [11, 20], [12, 19]]"
prueba479,CGAUCUAAAAAAGGACUUUUUUUUGCUCAG,"[[7, 24], [8, 23], [9, 22], [10, 21], [11, 20], [12, 19]]"
prueba480,CGUACUAAAAAAGCAGACUUUUUUAUUAGG,"[[7, 24], [8, 23], [9, 22], [10, 21], [11, 20], [12, 19]]"
prueba481,UGUCGGAAAAAAGUCUUUUUUUUUCCAGUU,"[[7, 24], [8, 23], [9, 22], [10, 21], [11, 20], [12, 19]]"
prueba482,UGGCUGAAAAAAUAGUCCUUUUUUGGGUCC,"[[7, 24], [8, 23], [9, 22], [10, 21], [11, 20], [12, 19]]"
prueba483,ACUUUAAAAAAACAAACGUUUUUUAUUGAC,"[[7, 24], [8, 23], [9, 22], [10, 21], [11, 20], [12, 19]]"
prueba484,CUGCGAAAAAAAAGGCCUUUUUUUAACGUU,"[[7, 24], [8, 23], [9, 22], [10, 21], [11, 20], [12, 19]]"
prueba485,UCGGGUAAAAAAGUGGAUUUUUUUGAGCCA,"[[7, 24], [8, 23], [9, 22], [10, 21], [11, 20], [12, 19]]"
prueba486,CCGUUAAAAAAACGAUUGUUUUUUGGCUUA,"[[7, 24], [8, 23], [9, 22], [10, 21], [11, 20], [12, 19]]"
prueba487,ACAAGGAAAAAAGCAACCUUUUUUAUAAAG,"[[7, 24], [8, 23], [9, 22], [10, 21], [11, 20], [12, 19]]"
prueba488,AACCACAAAAAAGAUCUCUUUUUUUCGCGA,"[[7, 24], [8, 23], [9, 22], [10, 21], [11, 20], [12, 19]]"
prueba489,AAUCGGAAAAAAUUCAAGUUUUUUCCAAAG,"[[7, 24], [8, 23], [9, 22], [10, 21], [11, 20], [12, 19]]"
prueba490,CCUUACAAAAAAAAGCCAUUUUUUAAGUGU,"[[7, 24], [8, 23], [9, 22], [10, 21], [11, 20], [12, 19]]"
prueba491,UAGAGAAAAAAAUCUGCCUUUUUUGCGUGA,"[[7, 24], [8, 23], [9, 22], [10, 21], [11, 20], [12, 19]]"
prueba492,UCAAUUAAAAAAAGUUCUUUUUUUCCCGAC,"[[7, 24], [8, 23], [9, 22], [10, 21], [11, 20], [12, 19]]"
prueba493,UCCCCGAAAAAAUAGUAUUUUUUUUAUCCC,"[[7, 24], [8, 23], [9, 22], [10, 21], [11, 20], [12, 19]]"
prueba494,GAGGAUAAAAAAUUUGGUUUUUUUAUACUA,"[[7, 24], [8, 23], [9, 22], [10, 21], [11, 20], [12, 19]]"
prueba495,GUCCCCAAAAAAUCCAUUUUUUUUAUGAGA,"[[7, 24], [8, 23], [9, 22], [10, 21], [11, 20], [12, 19]]"
prueba496,GCAUGUAAAAAAUGGGUAUUUUUUUUCGCG,"[[7, 24], [8, 23], [9, 22], [10, 21], [11, 20], [12, 19]]"
prueba497,ACCGCGAAAAAACGUCUCUUUUUUUUGUAC,"[[7, 24], [8, 23], [9, 22], [10, 21], [11, 20], [12, 19]]"
prueba498,AGGUAGAAAAAACGGCGUUUUUUUCGCCCG,"[[7, 24], [8, 23], [9, 22], [10, 21], [11, 20], [12, 19]]"
prueba499,UACCGCAAAAAACCAGUUUUUUUUGGUGUU,"[[7, 24], [8, 23], [9, 22], [10, 21], [11, 20], [12, 19]]"
prueba500,GUGUCCAAAAAACCCGUAUUUUUUCUGAUG,"[[7, 24], [8, 23], [9, 22], [10, 21], [11, 20], [12, 19]]"
prueba501,UACCUAAAAAAAGGGUGGUUUUUUUUAAAC,"[[7, 24], [8, 23], [9, 22], [10, 21], [11, 20], [12, 19]]"
prueba502,AAUCAUAAAAAACGAUGGUUUUUUUCGAGG,"[[7, 24], [8, 23], [9, 22], [10, 21], [11, 20], [12, 19]]"
prueba503,UUGCGUAAAAAACAGAUAUUUUUUGCAGCA,"[[7, 24], [8, 23], [9, 22], [10, 21], [11, 20], [12, 19]]"
prueba504,GAGCUGAAAAAAGACCAUUUUUUUAAUCGA,"[[7, 24], [8, 23], [9, 22], [10, 21], [11, 20], [12, 19]]"
prueba505,UUCACCAAAAAACCUGGGUUUUUUGAGCAG,"[[7, 24], [8, 23], [9, 22], [10, 21], [11, 20], [12, 19]]"
prueba506,UCUCUAAAAAAAGCUGAGUUUUUUUGGGUC,"[[7, 24], [8, 23], [9, 22], [10, 21], [11, 20], [12, 19]]"
prueba507,UGGUAAAAAAAAUACUCGUUUUUUGCUGAC,"[[7, 24], [8, 23], [9, 22], [10, 21], [11, 20], [12, 19]]"
prueba508,AUGGUGAAAAAAGCGGGCUUUUUUCUAAUC,"[[7, 24], [8, 23], [9, 22], [10, 21], [11, 20], [12, 19]]"
prueba509,AGUGCGAAAAAAGAACAGUUUUUUUAGUAG,"[[7, 24], [8, 23], [9, 22], [10, 21], [11, 20], [12, 19]]"
prueba510,CUUUAGAAAAAAGCUGGCUUUUUUACGCCG,"[[7, 24], [8, 23], [9, 22], [10, 21], [11, 20], [12, 19]]"
prueba511,ACCACAAAAAAAGGACGGUUUUUUCCGUGG,"[[7, 24], [8, 23], [9, 22], [10, 21], [11, 20], [12, 19]]"
prueba512,UUUACCAAAAAAUUGGGUUUUUUUCUAGCA,"[[7, 24], [8, 23], [9, 22], [10, 21], [11, 20], [12, 19]]"
prueba513,UGAGAUAAAAAAGCGGGGUUUUUUCACACU,"[[7, 24], [8, 23], [9, 22], [10, 21], [11, 20], [12, 19]]"
prueba514,UUGGUGAAAAAACGCGGCUUUUUUGCUCGG,"[[7, 24], [8, 23], [9, 22], [10, 21], [11, 20], [12, 19]]"
prueba515,AUGAAGAAAAAAACCUCUUUUUUUAGUUUC,"[[7, 24], [8, 23], [9, 22], [10, 21], [11, 20], [12, 19]]"
prueba516,CAAAACAAAAAACACUAUUUUUUUGUCAUA,"[[7, 24], [8, 23], [9, 22], [10, 21], [11, 20], [12, 19]]"
prueba517,UUUAUAAAAAAAGGUCGCUUUUUUCACGUA,"[[7, 24], [8, 23], [9, 22], [10, 21], [11, 20], [12, 19]]"
prueba518,UAGUUUAAAAAAACUUAUUUUUUUGCCCCA,"[[7, 24], [8, 23], [9, 22], [10, 21], [11, 20], [12, 19]]"
prueba519,GGACGUAAAAAAUCCUUAUUUUUUUUUCCU,"[[7, 24], [8, 23], [9, 22], [10, 21], [11, 20], [12, 19]]"
prueba520,CGCCCAAAAAAAACGAACUUUUUUGGCAUA,"[[7, 24], [8, 23], [9, 22], [10, 21], [11, 20], [12, 19]]"
prueba521,GAGAUCAAAAAAUCCGUGUUUUUUAUGCCU,"[[7, 24], [8, 23], [9, 22], [10, 21], [11, 20], [12, 19]]"
prueba522,UUUUGUAAAAAAUAUGCUUUUUUUUAAAUC,"[[7, 24], [8, 23], [9, 22], [10, 21], [11, 20], [12, 19]]"
prueba523,AACCGGAAAAAAAGGUGUUUUUUUGGCCCG,"[[7, 24], [8, 23], [9, 22], [10, 21], [11, 20], [12, 19]]"
prueba524,AAGCACAAAAAAAUCACAUUUUUUCUCUUU,"[[7, 24], [8, 23], [9, 22], [10, 21], [11, 20], [12, 19]]"
prueba525,UAGGUGAAAAAAAAAGAAUUUUUUUGGCGA,"[[7, 24], [8, 23], [9, 22], [10, 21], [11, 20], [12, 19]]"
prueba526,AAUUGAAAAAAAGCUCAAUUUUUUAGGGGA,"[[7, 24], [8, 23], [9, 22], [10, 21], [11, 20], [12, 19]]"
prueba527,GCGGCGAAAAAACAGUGUUUUUUUUUGCUU,"[[7, 24], [8, 23], [9, 22], [10, 21], [11, 20], [12, 19]]"
prueba528,CUAGUCAAAAAACACACUUUUUUUCGUUCA,"[[7, 24], [8, 23], [9, 22], [10, 21], [11, 20], [12, 19]]"
prueba529,AUGACUAAAAAAACGUUUUUUUUUGUCGGA,"[[7, 24], [8, 23], [9, 22], [10, 21], [11, 20], [12, 19]]"
prueba530,CAACGUAAAAAAAGUAUGUUUUUUUUGGGU,"[[7, 24], [8, 23], [9, 22], [10, 21], [11, 20], [12, 19]]"
prueba531,GGGUCUAAAAAAUUGGUUUUUUUUAUGUAC,"[[7, 24], [8, 23], [9, 22], [10, 21], [11, 20], [12, 19]]"
prueba532,CUUCGUAAAAAACAAGACUUUUUUAGCACC,"[[7, 24], [8, 23], [9, 22], [10, 21], [11, 20], [12, 19]]"
prueba533,GAUGACAAAAAAAAUAGAUUUUUUCAUAUC,"[[7, 24], [8, 23], [9, 22], [10, 21], [11, 20], [12, 19]]"
prueba534,AGGACUAAAAAAGGCAAUUUUUUUGACCCU,"[[7, 24], [8, 23], [9, 22], [10, 21], [11, 20], [12, 19]]"
prueba535,AUCAAUAAAAAAAUUGACUUUUUUCGCGAA,"[[7, 24], [8, 23], [9, 22], [10, 21], [11, 20], [12, 19]]"
prueba536,GUCAUCAAAAAAAAGCCCUUUUUUGACCAG,"[[7, 24], [8, 23], [9, 22], [10, 21], [11, 20], [12, 19]]"
prueba537,GGCUAAAAAAAAUACCCCUUUUUUUAUCCG,"[[7, 24], [8, 23], [9, 22], [10, 21], [11, 20], [12, 19]]"
prueba538,UACCGAAAAAAACUUGCCUUUUUUCAGCCC,"[[7, 24], [8, 23], [9, 22], [10, 21], [11, 20], [12, 19]]"
prueba539,GCCAGCAAAAAACCUUCGUUUUUUCAUGUG,"[[7, 24], [8, 23], [9, 22], [10, 21], [11, 20], [12, 19]]"
prueba540,GCGCGCAAAAAAUCAACCUUUUUUGGAAUU,"[[7, 24], [8, 23], [9, 22], [10, 21], [11, 20], [12, 19]]"
prueba541,AAACUCAAAAAACCACGUUUUUUUACCGGA,"[[7, 24], [8, 23], [9, 22], [10, 21], [11, 20], [12, 19]]"
prueba542,UCCUUCAAAAAACCUCUAUUUUUUGGAGUU,"[[7, 24], [8, 23], [9, 22], [10, 21], [11, 20], [12, 19]]"
prueba543,GCGCCGAAAAAAUUUUUCUUUUUUAAAAUG,"[[7, 24], [8, 23], [9, 22], [10, 21], [11, 20], [12, 19]]"
prueba544,CCAAUAAAAAAACACGACUUUUUUGCUUGA,"[[7, 24], [8, 23], [9, 22], [10, 21], [11, 20], [12, 19]]"
prueba545,AUAACGAAAAAAGUUUCCUUUUUUGCCGCU,"[[7, 24], [8, 23], [9, 22], [10, 21], [11, 20], [12, 19]]"
prueba546,UUCUCGAAAAAACCUAGGUUUUUUGUGGAC,"[[7, 24], [8, 23], [9, 22], [10, 21], [11, 20], [12, 19]]"
prueba547,GAGCAUAAAAAAGUUAAAUUUUUUCGAUAU,"[[7, 24], [8, 23], [9, 22], [10, 21], [11, 20], [12, 19]]"
prueba548,CGGGACAAAAAAAUGCAUUUUUUUCAUGCU,"[[7, 24], [8, 23], [9, 22], [10, 21], [11, 20], [12, 19]]"
prueba549,AUGUUAAAAAAAUGAUUGUUUUUUAGCGCA,"[[7, 24], [8, 23], [9, 22], [10, 21], [11, 20], [12, 19]]"
prueba550,UGGUUUAAAAAAGGAUUAUUUUUUAAGUAA,"[[7, 24], [8, 23], [9, 22], [10, 21], [11, 20], [12, 19]]"
prueba551,AUCUCCAAAAAAGGCUGGUUUUUUAACGGC,"[[7, 24], [8, 23], [9, 22], [10, 21], [11, 20], [12, 19]]"
prueba552,CUACGCAAAAAACUGCAAUUUUUUUGUCCG,"[[7, 24], [8, 23], [9, 22], [10, 21], [11, 20], [12, 19]]"
prueba553,CUCUACAAAAAAGACUCGUUUUUUAGAACA,"[[7, 24], [8, 23], [9, 22], [10, 21], [11, 20], [12, 19]]"
prueba554,UUCAUAAAAAAAGAUGCGUUUUUUUUCGGG,"[[7, 24], [8, 23], [9, 22], [10, 21], [11, 20], [12, 19]]"
prueba555,GCCUAAAAAAAAUGGUUUUUUUUUGCCGAG,"[[7, 24], [8, 23], [9, 22], [10, 21], [11, 20], [12, 19]]"
prueba556,UAGCGGAAAAAAUAUUUAUUUUUUGUGGUA,"[[7, 24], [8, 23], [9, 22], [10, 21], [11, 20], [12, 19]]"
prueba557,CAUGAGAAAAAACUCUUAUUUUUUGAGUCG,"[[7, 24], [8, 23], [9, 22], [10, 21], [11, 20], [12, 19]]"
prueba558,UUCAUAAAAAAACGGAUGUUUUUUAUCUAA,"[[7, 24], [8, 23], [9, 22], [10, 21], [11, 20], [12, 19]]"
prueba559,UCAUAAAAAAAAUAACAAUUUUUUUCCCAG,"[[7, 24], [8, 23], [9, 22], [10, 21], [11, 20], [12, 19]]"
prueba560,GACUGAAAAAAAAGACGAUUUUUUGCAGUU,"[[7, 24], [8, 23], [9, 22], [10, 21], [11, 20], [12, 19]]"
prueba561,UGGCUAAAAAAACCGUGGUUUUUUAUUUGU,"[[7, 24], [8, 23], [9, 22], [10, 21], [11, 20], [12, 19]]"
prueba562,UCGCAUAAAAAAUAUAAUUUUUUUAGAUUG,"[[7, 24], [8, 23], [9, 22], [10, 21], [11, 20], [12, 19]]"
prueba563,UCUAGCAAAAAAGCUUUCUUUUUUAUUAGU,"[[7, 24], [8, 23], [9, 22], [10, 21], [11, 20], [12, 19]]"
prueba564,UUGUUAAAAAAACUGCAAUUUUUUGCGAAA,"[[7, 24], [8, 23], [9, 22], [10, 21], [11, 20], [12, 19]]"
prueba565,UGCUGUAAAAAAUUUGGAUUUUUUACUUCC,"[[7, 24], [8, 23], [9, 22], [10, 21], [11, 20], [12, 19]]"
prueba566,ACCAGUAAAAAAUGCCUUUUUUUUCCUCAC,"[[7, 24], [8, 23], [9, 22], [10, 21], [11, 20], [12, 19]]"
prueba567,UUCACAAAAAAAGUCUUCUUUUUUAGAUAU,"[[7, 24], [8, 23], [9, 22], [10, 21], [11, 20], [12, 19]]"
prueba568,AGCAUUAAAAAAGUGUACUUUUUUCCUAAC,"[[7, 24], [8, 23], [9, 22], [10, 21], [11, 20], [12, 19]]"
prueba569,GAUUUGAAAAAAAUGGUGUUUUUUCUGGUU,"[[7, 24], [8, 23], [9, 22], [10, 21], [11, 20], [12, 19]]"
prueba570,CGGCACAAAAAAAGUAGUUUUUUUGACGGG,"[[7, 24], [8, 23], [9, 22], [10, 21], [11, 20], [12, 19]]"
prueba571,AUAGCCAAAAAAGGUCGCUUUUUUAUAAAC,"[[7, 24], [8, 23], [9, 22], [10, 21], [11, 20], [12, 19]]"
prueba572,UAUCUAAAAAAAAGCCACUUUUUUCCCCGC,"[[7, 24], [8, 23], [9, 22], [10, 21], [11, 20], [12, 19]]"
prueba573,GGAGAUAAAAAAGGCUCAUUUUUUUGAAAA,"[[7, 24], [8, 23], [9, 22], [10, 21], [11, 20], [12, 19]]"
prueba574,UCGUUAAAAAAAACGCCGUUUUUUGCCUCC,"[[7, 24], [8, 23], [9, 22], [10, 21], [11, 20], [12, 19]]"
prueba575,UGGGUUAAAAAAGAAGUCUUUUUUGGAACU,"[[7, 24], [8, 23], [9, 22], [10, 21], [11, 20], [12, 19]]"
prueba576,CCCAGCAAAAAAUUCUGUUUUUUUGGGAUU,"[[7, 24], [8, 23], [9, 22], [10, 21], [11, 20], [12, 19]]"
prueba577,UGGUCGAAAAAAAGCGAGUUUUUUCCCUCG,"[[7, 24], [8, 23], [9, 22], [10, 21], [11, 20], [12, 19]]"
prueba578,ACCGUAAAAAAAUUGUAGUUUUUUGUCCGU,"[[7, 24], [8, 23], [9, 22], [10, 21], [11, 20], [12, 19]]"
prueba579,UAAAUCAAAAAAAUUGUAUUUUUUAGGAAU,"[[7, 24], [8, 23], [9, 22], [10, 21], [11, 20], [12, 19]]"
prueba580,AGGCGGAAAAAACCGCCAUUUUUUUUCUCG,"[[7, 24], [8, 23], [9, 22], [10, 21], [11, 20], [12, 19]]"
prueba581,GUCAAUAAAAAAAUACCGUUUUUUAUUCUU,"[[7, 24], [8, 23], [9, 22], [10, 21], [11, 20], [12, 19]]"
prueba582,ACCGGAAAAAAAUCGGAUUUUUUUACGGCA,"[[7, 24], [8, 23], [9, 22], [10, 21], [11, 20], [12, 19]]"
prueba583,UCGCGGAAAAAAGCAACAUUUUUUUGGAGG,"[[7, 24], [8, 23], [9, 22], [10, 21], [11, 20], [12, 19]]"
prueba584,CGGCAAAAAAAAGAAGAGUUUUUUUGGCCA,"[[7, 24], [8, 23], [9, 22], [10, 21], [11, 20], [12, 19]]"
prueba585,UUGAAUAAAAAAGAUAAAUUUUUUUUACUA,"[[7, 24], [8, 23], [9, 22], [10, 21], [11, 20], [12, 19]]"
prueba586,UCUGCAAAAAAAGUCUCGUUUUUUAGCCAG,"[[7, 24], [8, 23], [9, 22], [10, 21], [11, 20], [12, 19]]"
prueba587,CAGGACAAAAAACUCUCCUUUUUUUAUCUU,"[[7, 24], [8, 23], [9, 22], [10, 21], [11, 20], [12, 19]]"
prueba588,CUCGCUAAAAAAGCCCGGUUUUUUAGUUGG,"[[7, 24], [8, 23], [9, 22], [10, 21], [11, 20], [12, 19]]"
prueba589,UUAACGAAAAAACAAAUUUUUUUUAACAUG,"[[7, 24], [8, 23], [9, 22], [10, 21], [11, 20], [12, 19]]"
prueba590,UAAGAUAAAAAAUCUGCAUUUUUUCGCGGG,"[[7, 24], [8, 23], [9, 22], [10, 21], [11, 20], [12, 19]]"
prueba591,UAGUGAAAAAAAUGUGGCUUUUUUCGCUCA,"[[7, 24], [8, 23], [9, 22], [10, 21], [11, 20], [12, 19]]"
prueba592,UAAGAGAAAAAAGUCCCUUUUUUUGGCUUU,"[[7, 24], [8, 23], [9, 22], [10, 21], [11, 20], [12, 19]]"
prueba593,GUCUCUAAAAAAUAACGAUUUUUUAUACGG,"[[7, 24], [8, 23], [9, 22], [10, 21], [11, 20], [12, 19]]"
prueba594,AACGGUAAAAAAAGCGACUUUUUUUCGGCA,"[[7, 24], [8, 23], [9, 22], [10, 21], [11, 20], [12, 19]]"
prueba595,CGGUUUAAAAAACUCCCUUUUUUUGUCUCC,"[[7, 24], [8, 23], [9, 22], [10, 21], [11, 20], [12, 19]]"
prueba596,GGUGUAAAAAAAUGACAUUUUUUUUCCAAC,"[[7, 24], [8, 23], [9, 22], [10, 21], [11, 20], [12, 19]]"
prueba597,AAUGUAAAAAAAGGACCAUUUUUUGAUACG,"[[7, 24], [8, 23], [9, 22], [10, 21], [11, 20], [12, 19]]"
prueba598,UUCACUAAAAAAGUAGUGUUUUUUCGGACG,"[[7, 24], [8, 23], [9, 22], [10, 21], [11, 20], [12, 19]]"
prueba599,UUGCCUAAAAAAAACGGCUUUUUUCAUAGU,"[[7, 24], [8, 23], [9, 22], [10, 21], [11, 20], [12, 19]]"
prueba600,CAAGACAAAAAACCCGGCUUUUUUCUAGUA,"[[7, 24], [8, 23], [9, 22], [10, 21], [11, 20], [12, 19]]"
prueba601,ACAACGAAAAAACUGCUAUUUUUUGAAUGG,"[[7, 24], [8, 23], [9, 22], [10, 21], [11, 20], [12, 19]]"
prueba602,AUGACGAAAAAAGGUUCUUUUUUUUCCCGG,"[[7, 24], [8, 23], [9, 22], [10, 21], [11, 20], [12, 19]]"
prueba603,UCCUGCAAAAAAUAAAAAUUUUUUUACAAU,"[[7, 24], [8, 23], [9, 22], [10, 21], [11, 20], [12, 19]]"
prueba604,GUCUGCAAAAAAACAUGCUUUUUUCCACGA,"[[7, 24], [8, 23], [9, 22], [10, 21], [11, 20], [12, 19]]"
prueba605,CCAUAUAAAAAAUCGGACUUUUUUGUCCGA,"[[7, 24], [8, 23], [9, 22], [10, 21], [11, 20], [12, 19]]"
prueba606,GAACACAAAAAACUCGCAUUUUUUGGAUGU,"[[7, 24], [8, 23], [9, 22], [10, 21], [11, 20], [12, 19]]"
prueba607,AAUGGGAAAAAAAGGGCGUUUUUUUGGCAA,"[[7, 24], [8, 23], [9, 22], [10, 21], [11, 20], [12, 19]]"
prueba608,AGUAGGAAAAAAACUCUAUUUUUUCAUACU,"[[7, 24], [8, 23], [9, 22], [10, 21], [11, 20], [12, 19]]"
prueba609,GGAGCCAAAAAACGUGGUUUUUUUCUCUUG,"[[7, 24], [8, 23], [9, 22], [10, 21], [11, 20], [12, 19]]"
prueba610,AUACAUAAAAAACUACGAUUUUUUAGCACA,"[[7, 24], [8, 23], [9, 22], [10, 21], [11, 20], [12, 19]]"
prueba611,CUGAGUAAAAAAGCGUCAUUUUUUGAGUAC,"[[7, 24], [8, 23], [9, 22], [10, 21], [11, 20], [12, 19]]"
prueba612,AUUCGAAAAAAAGAGGAAUUUUUUCCUGUC,"[[7, 24], [8, 23], [9, 22], [10, 21], [11, 20], [12, 19]]"
prueba613,GCACCUAAAAAACUUGAUUUUUUUGACUAG,"[[7, 24], [8, 23], [9, 22], [10, 21], [11, 20], [12, 19]]"
prueba614,AUGGGAAAAAAACACAAAUUUUUUCCUGCU,"[[7, 24], [8, 23], [9, 22], [10, 21], [11, 20], [12, 19]]"
prueba615,GAUCGGAAAAAAAGCUAAUUUUUUUGCCUU,"[[7, 24], [8, 23], [9, 22], [10, 21], [11, 20], [12, 19]]"
prueba616,GCGUAAAAAAAAGGAGUAUUUUUUGACUUG,"[[7, 24], [8, 23], [9, 22], [10, 21], [11, 20], [12, 19]]"
prueba617,GUCGCAAAAAAAAGUAUCUUUUUUCAGUGA,"[[7, 24], [8, 23], [9, 22], [10, 21], [11, 20], [12, 19]]"
prueba618,CCAACUAAAAAAAGUGUUUUUUUUGGUGGG,"[[7, 24], [8, 23], [9, 22], [10, 21], [11, 20], [12, 19]]"
prueba619,CAAAAUAAAAAAAGAGACUUUUUUUUUGCA,"[[7, 24], [8, 23], [9, 22], [10, 21], [11, 20], [12, 19]]"
prueba620,UCAUACAAAAAACUCGCAUUUUUUCCUCAA,"[[7, 24], [8, 23], [9, 22], [10, 21], [11, 20], [12, 19]]"
prueba621,AACUCAAAAAAACACAAUUUUUUUUCAAAG,"[[7, 24], [8, 23], [9, 22], [10, 21], [11, 20], [12, 19]]"
prueba622,AGGCGGAAAAAACACUGGUUUUUUUACUAG,"[[7, 24], [8, 23], [9, 22], [10, 21], [11, 20], [12, 19]]"
prueba623,CUAGAUAAAAAAAGUUCUUUUUUUAAGGUC,"[[7, 24], [8, 23], [9, 22], [10, 21], [11, 20], [12, 19]]"
prueba624,UUGUCGAAAAAAGCGGGGUUUUUUCUCAGA,"[[7, 24], [8, 23], [9, 22], [10, 21], [11, 20], [12, 19]]"
prueba625,CCGGAAAAAAAAUGACAAUUUUUUAGCCCU,"[[7, 24], [8, 23], [9, 22], [10, 21], [11, 20], [12, 19]]"
prueba626,UUCAAGAAAAAAACAUGUUUUUUUUAAGAU,"[[7, 24], [8, 23], [9, 22], [10, 21], [11, 20], [12, 19]]"
prueba627,GGGCAUAAAAAAGCACUUUUUUUUCAUAUA,"[[7, 24], [8, 23], [9, 22], [10, 21], [11, 20], [12, 19]]"
prueba628,AUAUGUAAAAAAGACCGCUUUUUUUACCGC,"[[7, 24], [8, 23], [9, 22], [10, 21], [11, 20], [12, 19]]"
prueba629,UAGUCUAAAAAAUUCCACUUUUUUGCAAUC,"[[7, 24], [8, 23], [9, 22], [10, 21], [11, 20], [12, 19]]"
prueba630,GUUGAGAAAAAAGAGUUUUUUUUUCGUUUG,"[[7, 24], [8, 23], [9, 22], [10, 21], [11, 20], [12, 19]]"
prueba631,CGUUAGAAAAAAUCGAGCUUUUUUGUUAUG,"[[7, 24], [8, 23], [9, 22], [10, 21], [11, 20], [12, 19]]"
prueba632,AUCAUUAAAAAACCUCUAUUUUUUUUCGCG,"[[7, 24], [8, 23], [9, 22], [10, 21], [11, 20], [12, 19]]"
prueba633,UUGGUCAAAAAAAUGCCAUUUUUUCGCUGU,"[[7, 24], [8, 23], [9, 22], [10, 21], [11, 20], [12, 19]]"
prueba634,AACGCCAAAAAACCUGCGUUUUUUCGGGCU,"[[7, 24], [8, 23], [9, 22], [10, 21], [11, 20], [12, 19]]"
prueba635,AGUAUUAAAAAAUUACCGUUUUUUCGGGCG,"[[7, 24], [8, 23], [9, 22], [10, 21], [11, 20], [12, 19]]"
prueba636,UCUUCGAAAAAAUAGCCUUUUUUUUCCUCA,"[[7, 24], [8, 23], [9, 22], [10, 21], [11, 20], [12, 19]]"
prueba637,CAACAUAAAAAAAAAGAGUUUUUUCCAUUC,"[[7, 24], [8, 23], [9, 22], [10, 21], [11, 20], [12, 19]]"
prueba638,ACCGCGAAAAAAAAGAGUUUUUUUCUCCGU,"[[7, 24], [8, 23], [9, 22], [10, 21], [11, 20], [12, 19]]"
prueba639,AAUGCGAAAAAAGUGGCCUUUUUUCAACUG,"[[7, 24], [8, 23], [9, 22], [10, 21], [11, 20], [12, 19]]"
prueba640,UGCACUAAAAAACAGUUAUUUUUUUACUAG,"[[7, 24], [8, 23], [9, 22], [10, 21], [11, 20], [12, 19]]"
prueba641,GGAGCGAAAAAAGACCUAUUUUUUGAACAG,"[[7, 24], [8, 23], [9, 22], [10, 21], [11, 20], [12, 19]]"
prueba642,GUUGCCAAAAAAUGCAGGUUUUUUAUGAUG,"[[7, 24], [8, 23], [9, 22], [10, 21], [11, 20], [12, 19]]"
prueba643,GCGUUCAAAAAACGAGCUUUUUUUUAUAGA,"[[7, 24], [8, 23], [9, 22], [10, 21], [11, 20], [12, 19]]"
prueba644,GAAGAAAAAAAAGUAACAUUUUUUUUUCAU,"[[7, 24], [8, 23], [9, 22], [10, 21], [11, 20], [12, 19]]"
prueba645,GACGCCAAAAAAACUACCUUUUUUAGGAUU,"[[7, 24], [8, 23], [9, 22], [10, 21], [11, 20], [12, 19]]"
prueba646,AUGCAAAAAAAACUAUGUUUUUUUAAGGAU,"[[7, 24], [8, 23], [9, 22], [10, 21], [11, 20], [12, 19]]"
prueba647,GCCAUUAAAAAAUCAGCCUUUUUUCGUUGG,"[[7, 24], [8, 23], [9, 22], [10, 21], [11, 20], [12, 19]]"
prueba648,GCAACUAAAAAAGGGUCGUUUUUUAUGUCU,"[[7, 24], [8, 23], [9, 22], [10, 21], [11, 20], [12, 19]]"
prueba649,GAGAGGAAAAAACUCCCAUUUUUUGCAUUU,"[[7, 24], [8, 23], [9, 22], [10, 21], [11, 20], [12, 19]]"
prueba650,GUAGCUAAAAAAAUGCCCUUUUUUCUUGUG,"[[7, 24], [8, 23], [9, 22], [10, 21], [11, 20], [12, 19]]"
prueba651,UGGUCUAAAAAACUCUAGUUUUUUCAGGUU,"[[7, 24], [8, 23], [9, 22], [10, 21], [11, 20], [12, 19]]"
prueba652,CCUAUGAAAAAAAAAAUGUUUUUUACCUGU,"[[7, 24], [8, 23], [9, 22], [10, 21], [11, 20], [12, 19]]"
prueba653,GCUGAAAAAAAAAUUCUCUUUUUUUCGAUG,"[[7, 24], [8, 23], [9, 22], [10, 21], [11, 20], [12, 19]]"
prueba654,GAGUUUAAAAAAAGCUCGUUUUUUCUAUCG,"[[7, 24], [8, 23], [9, 22], [10, 21], [11, 20], [12, 19]]"
prueba655,CUUAUCAAAAAAGAAUAAUUUUUUUGUCUA,"[[7, 24], [8, 23], [9, 22], [10, 21], [11, 20], [12, 19]]"
prueba656,UUCCGCAAAAAAGUUACCUUUUUUAACGGA,"[[7, 24], [8, 23], [9, 22], [10, 21], [11, 20], [12, 19]]"
prueba657,UUACACAAAAAAAUGUGAUUUUUUAUUGAA,"[[7, 24], [8, 23], [9, 22], [10, 21], [11, 20], [12, 19]]"
prueba658,CUGUAUAAAAAACCCGAUUUUUUUCUGGUC,"[[7, 24], [8, 23], [9, 22], [10, 21], [11, 20], [12, 19]]"
prueba659,UUUACAAAAAAACCGUCUUUUUUUAUAGGU,"[[7, 24], [8, 23], [9, 22], [10, 21], [11, 20], [12, 19]]"
prueba660,GAGGCAAAAAAAGGCUUAUUUUUUAGCAUU,"[[7, 24], [8, 23], [9, 22], [10, 21], [11, 20], [12, 19]]"
prueba661,UUGAUCAAAAAACCUUCAUUUUUUCUAAAC,"[[7, 24], [8, 23], [9, 22], [10, 21], [11, 20], [12, 19]]"
prueba662,AGCCGUAAAAAACAAUGAUUUUUUAUUUCG,"[[7, 24], [8, 23], [9, 22], [10, 21], [11, 20], [12, 19]]"
prueba663,CCGCAGAAAAAACCCUGGUUUUUUGGGAUC,"[[7, 24], [8, 23], [9, 22], [10, 21], [11, 20], [12, 19]]"
prueba664,GGCACCAAAAAAGCCCGAUUUUUUACAAGA,"[[7, 24], [8, 23], [9, 22], [10, 21], [11, 20], [12, 19]]"
prueba665,UUUCAGAAAAAAGGCCAAUUUUUUCGAUAG,"[[7, 24], [8, 23], [9, 22], [10, 21], [11, 20], [12, 19]]"
prueba666,UCAGUCAAAAAAAAAGAAUUUUUUCCACUC,"[[7, 24], [8, 23], [9, 22], [10, 21], [11, 20], [12, 19]]"
prueba667,UUAAUAAAAAAAAUACUUUUUUUUGCUCGA,"[[7, 24], [8, 23], [9, 22], [10, 21], [11, 20], [12, 19]]"
prueba668,UAAGUUAAAAAAGGAAUCUUUUUUGACGCA,"[[7, 24], [8, 23], [9, 22], [10, 21], [11, 20], [12, 19]]"
prueba669,CCGGGUAAAAAAAACAGCUUUUUUAUUCUA,"[[7, 24], [8, 23], [9, 22], [10, 21], [11, 20], [12, 19]]"
prueba670,AAAAACAAAAAAUUCAACUUUUUUGUGUUA,"[[7, 24], [8, 23], [9, 22], [10, 21], [11, 20], [12, 19]]"
prueba671,GGGAGCAAAAAAUAGGCGUUUUUUUUCUAG,"[[7, 24], [8, 23], [9, 22], [10, 21], [11, 20], [12, 19]]"
prueba672,AUCAUGAAAAAACCGCAUUUUUUUAACGCU,"[[7, 24], [8, 23], [9, 22], [10, 21], [11, 20], [12, 19]]"
prueba673,AAAUAGAAAAAAAAAUGUUUUUUUUACCCC,"[[7, 24], [8, 23], [9, 22], [10, 21], [11, 20], [12, 19]]"
prueba674,GAGAGUAAAAAAGCGGACUUUUUUAAGAGC,"[[7, 24], [8, 23], [9, 22], [10, 21], [11, 20], [12, 19]]"
prueba675,AGCUCCAAAAAACCCCUGUUUUUUCGUCUC,"[[7, 24], [8, 23], [9, 22], [10, 21], [11, 20], [12, 19]]"
prueba676,CUAUAGAAAAAAUUCGCGUUUUUUUGGGGA,"[[7, 24], [8, 23], [9, 22], [10, 21], [11, 20], [12, 19]]"
prueba677,CAGUAAAAAAAACUUUAGUUUUUUUGGAUU,"[[7, 24], [8, 23], [9, 22], [10, 21], [11, 20], [12, 19]]"
prueba678,AGUGCGAAAAAAUUGGCCUUUUUUCGGCCG,"[[7, 24], [8, 23], [9, 22], [10, 21], [11, 20], [12, 19]]"
prueba679,AGACACAAAAAACGCUCGUUUUUUUGAAGG,"[[7, 24], [8, 23], [9, 22], [10, 21], [11, 20], [12, 19]]"
prueba680,UCCGACAAAAAAGCCGUAUUUUUUAGUUAG,"[[7, 24], [8, 23], [9, 22], [10, 21], [11, 20], [12, 19]]"
prueba681,AAUAUAAAAAAAUCGCAAUUUUUUCGCCCC,"[[7, 24], [8, 23], [9, 22], [10, 21], [11, 20], [12, 19]]"
prueba682,CCUUUCAAAAAAUCCGUAUUUUUUAUGUCU,"[[7, 24], [8, 23], [9, 22], [10, 21], [11, 20], [12, 19]]"
prueba683,AAGGUGAAAAAACCGAGUUUUUUUAACAAC,"[[7, 24], [8, 23], [9, 22], [10, 21], [11, 20], [12, 19]]"
prueba684,ACUAACAAAAAACUCCAGUUUUUUAAAGCA,"[[7, 24], [8, 23], [9, 22], [10, 21], [11, 20], [12, 19]]"
prueba685,UAAAGUAAAAAAAUUUAAUUUUUUUCCCUA,"[[7, 24], [8, 23], [9, 22], [10, 21], [11, 20], [12, 19]]"
prueba686,GAGAACAAAAAAGAGGGCUUUUUUAAGCUG,"[[7, 24], [8, 23], [9, 22], [10, 21], [11, 20], [12, 19]]"
prueba687,GUGGCCAAAAAAUACUGUUUUUUUCAUUGU,"[[7, 24], [8, 23], [9, 22], [10, 21], [11, 20], [12, 19]]"
prueba688,AGUGCUAAAAAAGGAGUCUUUUUUGUUGCC,"[[7, 24], [8, 23], [9, 22], [10, 21], [11, 20], [12, 19]]"
prueba689,GUAGGAAAAAAAGCAAAUUUUUUUGGCGUG,"[[7, 24], [8, 23], [9, 22], [10, 21], [11, 20], [12, 19]]"
prueba690,CUACGUAAAAAAAAAACAUUUUUUAUACGC,"[[7, 24], [8, 23], [9, 22], [10, 21], [11, 20], [12, 19]]"
prueba691,GCCAAAAAAAAAAGACCGUUUUUUAUGCAU,"[[7, 24], [8, 23], [9, 22], [10, 21], [11, 20], [12, 19]]"
prueba692,AAUCUAAAAAAAUCAGGAUUUUUUCACCGU,"[[7, 24], [8, 23], [9, 22], [10, 21], [11, 20], [12, 19]]"
prueba693,GUAUGCAAAAAAUCAAUAUUUUUUCGAAUU,"[[7, 24], [8, 23], [9, 22], [10, 21], [11, 20], [12, 19]]"
prueba694,AUCGUAAAAAAAGCUAAGUUUUUUAGAAGG,"[[7, 24], [8, 23], [9, 22], [10, 21], [11, 20], [12, 19]]"
prueba695,CCUAUCAAAAAAUUCGUAUUUUUUCAGAAA,"[[7, 24], [8, 23], [9, 22], [10, 21], [11, 20], [12, 19]]"
prueba696,UAAAAUAAAAAACAUUUAUUUUUUAAUACC,"[[7, 24], [8, 23], [9, 22], [10, 21], [11, 20], [12, 19]]"
prueba697,GGACAAAAAAAACACCCAUUUUUUGAUGAU,"[[7, 24], [8, 23], [9, 22], [10, 21], [11, 20], [12, 19]]"
prueba698,UCAUGGAAAAAAUUGGUUUUUUUUGCGACG,"[[7, 24], [8, 23], [9, 22], [10, 21], [11, 20], [12, 19]]"
prueba699,GACGAGAAAAAAGCGCCCUUUUUUGUAUCU,"[[7, 24], [8, 23], [9, 22], [10, 21], [11, 20], [12, 19]]"
prueba700,UUCUGCAAAAAACGAUGUUUUUUUGUAUCU,"[[7, 24], [8, 23], [9, 22], [10, 21], [11, 20], [12, 19]]"
prueba701,AUUAGUAAAAAAAUCUGAUUUUUUACGUGC,"[[7, 24], [8, 23], [9, 22], [10, 21], [11, 20], [12, 19]]"
prueba702,CGAUUGAAAAAAGUUCGCUUUUUUCGCCCU,"[[7, 24], [8, 23], [9, 22], [10, 21], [11, 20], [12, 19]]"
prueba703,CGCUACAAAAAACUUAAAUUUUUUCUAAUU,"[[7, 24], [8, 23], [9, 22], [10, 21], [11, 20], [12, 19]]"
prueba704,CUGCAGAAAAAAGACUGCUUUUUUGGAUGA,"[[7, 24], [8, 23], [9, 22], [10, 21], [11, 20], [12, 19]]"
prueba705,CUGGUGAAAAAACAGAGCUUUUUUGAUUUU,"[[7, 24], [8, 23], [9, 22], [10, 21], [11, 20], [12, 19]]"
prueba706,CGGUUAAAAAAAUAAAAUUUUUUUCGUAGG,"[[7, 24], [8, 23], [9, 22], [10, 21], [11, 20], [12, 19]]"
prueba707,AUGUGGAAAAAACCGGCUUUUUUUUUACCU,"[[7, 24], [8, 23], [9, 22], [10, 21], [11, 20], [12, 19]]"
prueba708,CUAGCCAAAAAAUCGUUCUUUUUUGGGGUA,"[[7, 24], [8, 23], [9, 22], [10, 21], [11, 20], [12, 19]]"
prueba709,GGGUGAAAAAAACCUCGAUUUUUUCUUUCC,"[[7, 24], [8, 23], [9, 22], [10, 21], [11, 20], [12, 19]]"
prueba710,CAUGUCAAAAAAUUGGGCUUUUUUAGUGGC,"[[7, 24], [8, 23], [9, 22], [10, 21], [11, 20], [12, 19]]"
prueba711,GUUGGUAAAAAAAGAUACUUUUUUGUGGAU,"[[7, 24], [8, 23], [9, 22], [10, 21], [11, 20], [12, 19]]"
prueba712,AUCCCGAAAAAAUCUGCAUUUUUUCAGGGC,"[[7, 24], [8, 23], [9, 22], [10, 21], [11, 20], [12, 19]]"
prueba713,ACUCGGAAAAAAUUCGAGUUUUUUGCAUUC,"[[7, 24], [8, 23], [9, 22], [10, 21], [11, 20], [12, 19]]"
prueba714,UGGCGGAAAAAAUACAUGUUUUUUUUUCUA,"[[7, 24], [8, 23], [9, 22], [10, 21], [11, 20], [12, 19]]"
prueba715,CCCUGUAAAAAAUGUCUUUUUUUUGCAAGC,"[[7, 24], [8, 23], [9, 22], [10, 21], [11, 20], [12, 19]]"
prueba716,CUAUGAAAAAAACCAAAUUUUUUUAAGUCA,"[[7, 24], [8, 23], [9, 22], [10, 21], [11, 20], [12, 19]]"
prueba717,CUUCAAAAAAAAGGCCCGUUUUUUUCAGGA,"[[7, 24], [8, 23], [9, 22], [10, 21], [11, 20], [12, 19]]"
prueba718,UGUCCCAAAAAAGUGAGCUUUUUUCCGAAG,"[[7, 24], [8, 23], [9, 22], [10, 21], [11, 20], [12, 19]]"
prueba719,UGUGGGAAAAAAGACAGUUUUUUUAUCAGA,"[[7, 24], [8, 23], [9, 22], [10, 21], [11, 20], [12, 19]]"
prueba720,UAUCGUAAAAAAAGCUAAUUUUUUACCCUC,"[[7, 24], [8, 23], [9, 22], [10, 21], [11, 20], [12, 19]]"
prueba721,AUCAAAAAAAAAAGGUCCUUUUUUUGCUAA,"[[7, 24], [8, 23], [9, 22], [10, 21], [11, 20], [12, 19]]"
prueba722,CUUCCGAAAAAACCGUUCUUUUUUGUUCGU,"[[7, 24], [8, 23], [9, 22], [10, 21], [11, 20], [12, 19]]"
prueba723,AAACUCAAAAAACGGGCCUUUUUUUUAAGU,"[[7, 24], [8, 23], [9, 22], [10, 21], [11, 20], [12, 19]]"
prueba724,AAGGGCAAAAAAGUAGUGUUUUUUCAUCCC,"[[7, 24], [8, 23], [9, 22], [10, 21], [11, 20], [12, 19]]"
prueba725,GGGCCGAAAAAAACACGUUUUUUUCCUAGA,"[[7, 24], [8, 23], [9, 22], [10, 21], [11, 20], [12, 19]]"
prueba726,GGGCCUAAAAAAGAGUGGUUUUUUAACCGU,"[[7, 24], [8, 23], [9, 22], [10, 21], [11, 20], [12, 19]]"
prueba727,GGGAUGAAAAAAUGGAAAUUUUUUUGCCUG,"[[7, 24], [8, 23], [9, 22], [10, 21], [11, 20], [12, 19]]"
prueba728,AAGUCUAAAAAAGCAAGUUUUUUUAUAGCG,"[[7, 24], [8, 23], [9, 22], [10, 21], [11, 20], [12, 19]]"
prueba729,GCGAGCAAAAAACUCGUUUUUUUUCUAGAG,"[[7, 24], [8, 23], [9, 22], [10, 21], [11, 20], [12, 19]]"
prueba730,ACGAGCAAAAAAAUGGGGUUUUUUCGAACA,"[[7, 24], [8, 23], [9, 22], [10, 21], [11, 20], [12, 19]]"
prueba731,UAGACCAAAAAAGACGCUUUUUUUACGGCU,"[[7, 24], [8, 23], [9, 22], [10, 21], [11, 20], [12, 19]]"
prueba732,CAGACAAAAAAAUUCUCGUUUUUUUAGUAA,"[[7, 24], [8, 23], [9, 22], [10, 21], [11, 20], [12, 19]]"
prueba733,AGCGGGAAAAAAGUAUCUUUUUUUAGUGUA,"[[7, 24], [8, 23], [9, 22], [10, 21], [11, 20], [12, 19]]"
prueba734,CGACGAAAAAAAGUACUCUUUUUUGUGGUG,"[[7, 24], [8, 23], [9, 22], [10, 21], [11, 20], [12, 19]]"
prueba735,GGUUAUAAAAAAAUGACGUUUUUUUCUAUG,"[[7, 24], [8, 23], [9, 22], [10, 21], [11, 20], [12, 19]]"
prueba736,AAGUGCAAAAAAGCGAAUUUUUUUCCGGUG,"[[7, 24], [8, 23], [9, 22], [10, 21], [11, 20], [12, 19]]"
prueba737,GGAUGAAAAAAAUUCUCGUUUUUUGACAUU,"[[7, 24], [8, 23], [9, 22], [10, 21], [11, 20], [12, 19]]"
prueba738,CGGAAAAAAAAAUCGGUAUUUUUUAACCGU,"[[7, 24], [8, 23], [9, 22], [10, 21], [11, 20], [12, 19]]"
prueba739,GUACGCAAAAAACGAUAGUUUUUUGCCAAC,"[[7, 24], [8, 23], [9, 22], [10, 21], [11, 20], [12, 19]]"
prueba740,GUGCCUAAAAAAUUCUUUUUUUUUCAACUA,"[[7, 24], [8, 23], [9, 22], [10, 21], [11, 20], [12, 19]]"
prueba741,GUGUUUAAAAAACCGACCUUUUUUCAGUGA,"[[7, 24], [8, 23], [9, 22], [10, 21], [11, 20], [12, 19]]"
prueba742,AAUCACAAAAAAGCCUUUUUUUUUGUACUU,"[[7, 24], [8, 23], [9, 22], [10, 21], [11, 20], [12, 19]]"
prueba743,GAGGUCAAAAAACCUCAUUUUUUUGUUUCG,"[[7, 24], [8, 23], [9, 22], [10, 21], [11, 20], [12, 19]]"
prueba744,CCUCAAAAAAAAAUCCCGUUUUUUGAUUGA,"[[7, 24], [8, 23], [9, 22], [10, 21], [11, 20], [12, 19]]"
prueba745,UUGAUCAAAAAAGGAUUAUUUUUUCAGAAG,"[[7, 24], [8, 23], [9, 22], [10, 21], [11, 20], [12, 19]]"
prueba746,AACAACAAAAAAAUCGGAUUUUUUAUGCCA,"[[7, 24], [8, 23], [9, 22], [10, 21], [11, 20], [12, 19]]"
prueba747,UUGUUAAAAAAAGUUUCUUUUUUUGCCCUA,"[[7, 24], [8, 23], [9, 22], [10, 21], [11, 20], [12, 19]]"
prueba748,UGCUGUAAAAAAUCGCUUUUUUUUGUCUUC,"[[7, 24], [8, 23], [9, 22], [10, 21], [11, 20], [12, 19]]"
prueba749,UCAAAGAAAAAAAGUUGAUUUUUUAAGAGG,"[[7, 24], [8, 23], [9, 22], [10, 21], [11, 20], [12, 19]]"
prueba750,AUUAAUAAAAAAAAUUAUUUUUUUUGCCCG,"[[7, 24], [8, 23], [9, 22], [10, 21], [11, 20], [12, 19]]"
prueba751,CGAAUGAAAAAAUUCGCCUUUUUUAGCUAU,"[[7, 24], [8, 23], [9, 22], [10, 21], [11, 20], [12, 19]]"
prueba752,GCCUGGAAAAAAGUAGGGUUUUUUCACCGC,"[[7, 24], [8, 23], [9, 22], [10, 21], [11, 20], [12, 19]]"
prueba753,AGAAAGAAAAAAUCGAACUUUUUUGCUGGG,"[[7, 24], [8, 23], [9, 22], [10, 21], [11, 20], [12, 19]]"
prueba754,GCCGUUAAAAAAUCUCGUUUUUUUAUCCAC,"[[7, 24], [8, 23], [9, 22], [10, 21], [11, 20], [12, 19]]"
prueba755,UGUCACAAAAAACUGAUGUUUUUUGGACUU,"[[7, 24], [8, 23], [9, 22], [10, 21], [11, 20], [12, 19]]"
prueba756,AGCUCUAAAAAAGCCCGGUUUUUUCACUAA,"[[7, 24], [8, 23], [9, 22], [10, 21], [11, 20], [12, 19]]"
prueba757,GCGGUUAAAAAAGUGCAAUUUUUUUAAGCA,"[[7, 24], [8, 23], [9, 22], [10, 21], [11, 20], [12, 19]]"
prueba758,AGGCACAAAAAAAGUUUAUUUUUUGCCGGU,"[[7, 24], [8, 23], [9, 22], [10, 21], [11, 20], [12, 19]]"
prueba759,UGGGUAAAAAAAUGGUAUUUUUUUGGAAAC,"[[7, 24], [8, 23], [9, 22], [10, 21], [11, 20], [12, 19]]"
prueba760,UCGCGUAAAAAACACCACUUUUUUGACACA,"[[7, 24], [8, 23], [9, 22], [10, 21], [11, 20], [12, 19]]"
prueba761,CGGCCCAAAAAAUGCAUAUUUUUUUGGAGU,"[[7, 24], [8, 23], [9, 22], [10, 21], [11, 20], [12, 19]]"
prueba762,CUGAUGAAAAAACGAACAUUUUUUCGCUGU,"[[7, 24], [8, 23], [9, 22], [10, 21], [11, 20], [12, 19]]"
prueba763,AUUUACAAAAAAUUUGCAUUUUUUCUGGGA,"[[7, 24], [8, 23], [9, 22], [10, 21], [11, 20], [12, 19]]"
prueba764,AUGGUCAAAAAAGGAAAAUUUUUUACUAAC,"[[7, 24], [8, 23], [9, 22], [10, 21], [11, 20], [12, 19]]"
prueba765,GGCGUUAAAAAAAGAUAAUUUUUUUUAUGC,"[[7, 24], [8, 23], [9, 22], [10, 21], [11, 20], [12, 19]]"
prueba766,GACGACAAAAAAUCGGUCUUUUUUGCCGCG,"[[7, 24], [8, 23], [9, 22], [10, 21], [11, 20], [12, 19]]"
prueba767,AUCCUCAAAAAAGUCACUUUUUUUUCCCUU,"[[7, 24], [8, 23], [9, 22], [10, 21], [11, 20], [12, 19]]"
prueba768,CUCCUUAAAAAAGAAGGUUUUUUUGCGCGU,"[[7, 24], [8, 23], [9, 22], [10, 21], [11, 20], [12, 19]]"
prueba769,CGCUGAAAAAAACAUUGCUUUUUUCAUCCG,"[[7, 24], [8, 23], [9, 22], [10, 21], [11, 20], [12, 19]]"
prueba770,UAGAUUAAAAAAUGACAUUUUUUUUACUUC,"[[7, 24], [8, 23], [9, 22], [10, 21], [11, 20], [12, 19]]"
prueba771,CGGCGGAAAAAAUAAUUAUUUUUUCGCGAC,"[[7, 24], [8, 23], [9, 22], [10, 21], [11, 20], [12, 19]]"
prueba772,GGGAAAAAAAAACGGAUGUUUUUUACAACU,"[[7, 24], [8, 23], [9, 22], [10, 21], [11, 20], [12, 19]]"
prueba773,CCAGCAAAAAAAAGCACGUUUUUUGCCUCA,"[[7, 24], [8, 23], [9, 22], [10, 21], [11, 20], [12, 19]]"
prueba774,GGCCGGAAAAAACAGGAGUUUUUUCGUAGG,"[[7, 24], [8, 23], [9, 22], [10, 21], [11, 20], [12, 19]]"
prueba775,UACGAGAAAAAACGACAAUUUUUUAGUGAU,"[[7, 24], [8, 23], [9, 22], [10, 21], [11, 20], [12, 19]]"
prueba776,CUAAGCAAAAAAUAGAUAUUUUUUGCCCAC,"[[7, 24], [8, 23], [9, 22], [10, 21], [11, 20], [12, 19]]"
prueba777,AAUGGAAAAAAAAUUUUAUUUUUUGCGGAC,"[[7, 24], [8, 23], [9, 22], [10, 21], [11, 20], [12, 19]]"
prueba778,GCAGCGAAAAAAUCCACAUUUUUUUACUCA,"[[7, 24], [8, 23], [9, 22], [10, 21], [11, 20], [12, 19]]"
prueba779,UGGCGUAAAAAAUGCAGAUUUUUUCCGAUU,"[[7, 24], [8, 23], [9, 22], [10, 21], [11, 20], [12, 19]]"
prueba780,CGCAAGAAAAAACAGUACUUUUUUUCGAUU,"[[7, 24], [8, 23], [9, 22], [10, 21], [11, 20], [12, 19]]"
prueba781,GGAGCGAAAAAACAGGGGUUUUUUCGUCCA,"[[7, 24], [8, 23], [9, 22], [10, 21], [11, 20], [12, 19]]"
prueba782,CGUCCGAAAAAAAGCCUGUUUUUUUUUCCU,"[[7, 24], [8, 23], [9, 22], [10, 21], [11, 20], [12, 19]]"
prueba783,CGUGUAAAAAAAAUCAUGUUUUUUAGCUUU,"[[7, 24], [8, 23], [9, 22], [10, 21], [11, 20], [12, 19]]"
prueba784,UCUCACAAAAAACUGGUCUUUUUUCCCGGA,"[[7, 24], [8, 23], [9, 22], [10, 21], [11, 20], [12, 19]]"
prueba785,UGUGCCAAAAAACGCCCUUUUUUUCUCCUC,"[[7, 24], [8, 23], [9, 22], [10, 21], [11, 20], [12, 19]]"
prueba786,CCACCCAAAAAAACGUCAUUUUUUGCUUGC,"[[7, 24], [8, 23], [9, 22], [10, 21], [11, 20], [12, 19]]"
prueba787,CAAUCGAAAAAAACACUAUUUUUUUCCAAC,"[[7, 24], [8, 23], [9, 22], [10, 21], [11, 20], [12, 19]]"
prueba788,UACCCAAAAAAACAAUCAUUUUUUAAUUCC,"[[7, 24], [8, 23], [9, 22], [10, 21], [11, 20], [12, 19]]"
prueba789,AAUGCCAAAAAAGAGAAAUUUUUUAUUGGA,"[[7, 24], [8, 23], [9, 22], [10, 21], [11, 20], [12, 19]]"
prueba790,AGCGUAAAAAAACCAACCUUUUUUCCUCGU,"[[7, 24], [8, 23], [9, 22], [10, 21], [11, 20], [12, 19]]"
prueba791,UCGUUAAAAAAAAACAAGUUUUUUCACUUC,"[[7, 24], [8, 23], [9, 22], [10, 21], [11, 20], [12, 19]]"
prueba792,CCACACAAAAAAACCUAGUUUUUUUAAUAG,"[[7, 24], [8, 23], [9, 22], [10, 21], [11, 20], [12, 19]]"
prueba793,UAGGAGAAAAAAACGGUUUUUUUUUUUAGA,"[[7, 24], [8, 23], [9, 22], [10, 21], [11, 20], [12, 19]]"
prueba794,CUGUGAAAAAAAUACCACUUUUUUUCCCAA,"[[7, 24], [8, 23], [9, 22], [10, 21], [11, 20], [12, 19]]"
prueba795,UCGCGCAAAAAAGAUUACUUUUUUGUUACA,"[[7, 24], [8, 23], [9, 22], [10, 21], [11, 20], [12, 19]]"
prueba796,UUUGUGAAAAAAAUGGAAUUUUUUAGUCCG,"[[7, 24], [8, 23], [9, 22], [10, 21], [11, 20], [12, 19]]"
prueba797,AUGUUCAAAAAAGGGGUCUUUUUUCAGGUC,"[[7, 24], [8, 23], [9, 22], [10, 21], [11, 20], [12, 19]]"
prueba798,UCACGCAAAAAAAUGGGGUUUUUUUUAGGG,"[[7, 24], [8, 23], [9, 22], [10, 21], [11, 20], [12, 19]]"
prueba799,CAGAAAAAAAAACCAUUAUUUUUUCCGAGU,"[[7, 24], [8, 23], [9, 22], [10, 21], [11, 20], [12, 19]]"
prueba800,ACGAGCAAAAAAUUCAUUUUUUUUUGGCGU,"[[7, 24], [8, 23], [9, 22], [10, 21], [11, 20], [12, 19]]"
prueba801,GGCCCAAAAAAACCAUUUUUUUUUCUGUAU,"[[7, 24], [8, 23], [9, 22], [10, 21], [11, 20], [12, 19]]"
prueba802,CCCAGCAAAAAAAGGGGGUUUUUUAAGCAG,"[[7, 24], [8, 23], [9, 22], [10, 21], [11, 20], [12, 19]]"
prueba803,CCCAGCAAAAAAAUAAAUUUUUUUAGAGAU,"[[7, 24], [8, 23], [9, 22], [10, 21], [11, 20], [12, 19]]"
prueba804,UCCCACAAAAAACCGAGGUUUUUUACCAAU,"[[7, 24], [8, 23], [9, 22], [10, 21], [11, 20], [12, 19]]"
prueba805,AGGGCCAAAAAAAAAUGAUUUUUUAAAAAC,"[[7, 24], [8, 23], [9, 22], [10, 21], [11, 20], [12, 19]]"
prueba806,CGCUCAAAAAAACCUCGAUUUUUUUUGGAA,"[[7, 24], [8, 23], [9, 22], [10, 21], [11, 20], [12, 19]]"
prueba807,UUGAACAAAAAAGUUUUGUUUUUUCUAUAC,"[[7, 24], [8, 23], [9, 22], [10, 21], [11, 20], [12, 19]]"
prueba808,CAGAGAAAAAAACGAUACUUUUUUGGCUCC,"[[7, 24], [8, 23], [9, 22], [10, 21], [11, 20], [12, 19]]"
prueba809,CGAAGGAAAAAAGUAUGUUUUUUUUAUUUC,"[[7, 24], [8, 23], [9, 22], [10, 21], [11, 20], [12, 19]]"
prueba810,AGAGGAAAAAAAAAUCACUUUUUUCGACCA,"[[7, 24], [8, 23], [9, 22], [10, 21], [11, 20], [12, 19]]"
prueba811,CUCACGAAAAAACGUGUUUUUUUUUCGUAC,"[[7, 24], [8, 23], [9, 22], [10, 21], [11, 20], [12, 19]]"
prueba812,GAGUCCAAAAAAUCUCUUUUUUUUCUGGGC,"[[7, 24], [8, 23], [9, 22], [10, 21], [11, 20], [12, 19]]"
prueba813,GCGGCCAAAAAAGAAAUGUUUUUUUACGGU,"[[7, 24], [8, 23], [9, 22], [10, 21], [11, 20], [12, 19]]"
prueba814,ACGGGUAAAAAAGGAGUUUUUUUUCAAUGU,"[[7, 24], [8, 23], [9, 22], [10, 21], [11, 20], [12, 19]]"
prueba815,UGAUCAAAAAAAGGUGCCUUUUUUACCUUA,"[[7, 24], [8, 23], [9, 22], [10, 21], [11, 20], [12, 19]]"
prueba816,CUCUCCAAAAAAAGGCUCUUUUUUUCUAAU,"[[7, 24], [8, 23], [9, 22], [10, 21], [11, 20], [12, 19]]"
prueba817,UGCAUUAAAAAAGGGUAUUUUUUUUCAGAG,"[[7, 24], [8, 23], [9, 22], [10, 21], [11, 20], [12, 19]]"
prueba818,GAAAAGAAAAAAGACUCAUUUUUUAUCCGU,"[[7, 24], [8, 23], [9, 22], [10, 21], [11, 20], [12, 19]]"
prueba819,AAGUGGAAAAAAAACCUAUUUUUUUCAAAC,"[[7, 24], [8, 23], [9, 22], [10, 21], [11, 20], [12, 19]]"
prueba820,CUCCCGAAAAAAUGUUACUUUUUUAUUGCA,"[[7, 24], [8, 23], [9, 22], [10, 21], [11, 20], [12, 19]]"
prueba821,UUCAGUAAAAAAAGGUUGUUUUUUAAACCU,"[[7, 24], [8, 23], [9, 22], [10, 21], [11, 20], [12, 19]]"
prueba822,GAUUCUAAAAAAUCGCUAUUUUUUCUUUAC,"[[7, 24], [8, 23], [9, 22], [10, 21], [11, 20], [12, 19]]"
prueba823,UUUGGCAAAAAAUGCUUAUUUUUUCGGCGA,"[[7, 24], [8, 23], [9, 22], [10, 21], [11, 20], [12, 19]]"
prueba824,GCUCCGAAAAAAGACGGUUUUUUUCGUAAU,"[[7, 24], [8, 23], [9, 22], [10, 21], [11, 20], [12, 19]]"
prueba825,AAGGGAAAAAAAAUCGUUUUUUUUUAAAAA,"[[7, 24], [8, 23], [9, 22], [10, 21], [11, 20], [12, 19]]"
prueba826,UUAGGCAAAAAACGUCAGUUUUUUAUAGUA,"[[7, 24], [8, 23], [9, 22], [10, 21], [11, 20], [12, 19]]"
prueba827,GAGAGUAAAAAAGUACUGUUUUUUGACAAU,"[[7, 24], [8, 23], [9, 22], [10, 21], [11, 20], [12, 19]]"
prueba828,UAGGGUAAAAAAGGAAGGUUUUUUUUUCGC,"[[7, 24], [8, 23], [9, 22], [10, 21], [11, 20], [12, 19]]"
prueba829,AGCAUCAAAAAACGGGCCUUUUUUAUGGGC,"[[7, 24], [8, 23], [9, 22], [10, 21], [11, 20], [12, 19]]"
prueba830,ACCUUGAAAAAAAUACGAUUUUUUCUUGAU,"[[7, 24], [8, 23], [9, 22], [10, 21], [11, 20], [12, 19]]"
prueba831,CUAAAGAAAAAACGCGCAUUUUUUGUUGGU,"[[7, 24], [8, 23], [9, 22], [10, 21], [11, 20], [12, 19]]"
prueba832,UGGUGUAAAAAAACCGUGUUUUUUAUGACC,"[[7, 24], [8, 23], [9, 22], [10, 21], [11, 20], [12, 19]]"
prueba833,UGGCAGAAAAAACAUUUCUUUUUUUUGUGA,"[[7, 24], [8, 23], [9, 22], [10, 21], [11, 20], [12, 19]]"
prueba834,CCGUUUAAAAAAAUCGCAUUUUUUUUCCCG,"[[7, 24], [8, 23], [9, 22], [10, 21], [11, 20], [12, 19]]"
prueba835,CAACUGAAAAAAUUGGUUUUUUUUGUUGUC,"[[7, 24], [8, 23], [9, 22], [10, 21], [11, 20], [12, 19]]"
prueba836,UCGAUCAAAAAAUUGGGAUUUUUUACUUCG,"[[7, 24], [8, 23], [9, 22], [10, 21], [11, 20], [12, 19]]"
prueba837,AGGCGAAAAAAAGCAUUCUUUUUUCCGGUG,"[[7, 24], [8, 23], [9, 22], [10, 21], [11, 20], [12, 19]]"
prueba838,CAAUACAAAAAAUUGCCCUUUUUUAAACAC,"[[7, 24], [8, 23], [9, 22], [10, 21], [11, 20], [12, 19]]"
prueba839,GGCUGCAAAAAAUGCGGAUUUUUUCAGAGG,"[[7, 24], [8, 23], [9, 22], [10, 21], [11, 20], [12, 19]]"
prueba840,GAUAAGAAAAAAGAGUUAUUUUUUGAGACA,"[[7, 24], [8, 23], [9, 22], [10, 21], [11, 20], [12, 19]]"
prueba841,CGGACGAAAAAAGCGCGAUUUUUUCUAUAU,"[[7, 24], [8, 23], [9, 22], [10, 21], [11, 20], [12, 19]]"
prueba842,AGUUAAAAAAAAGUCUCUUUUUUUGAUUCU,"[[7, 24], [8, 23], [9, 22], [10, 21], [11, 20], [12, 19]]"
prueba843,AUACCGAAAAAAAUCCCAUUUUUUAACGAC,"[[7, 24], [8, 23], [9, 22], [10, 21], [11, 20], [12, 19]]"
prueba844,UGGACGAAAAAAAGGGUCUUUUUUAGGGAC,"[[7, 24], [8, 23], [9, 22], [10, 21], [11, 20], [12, 19]]"
prueba845,GUUUUGAAAAAAAACUACUUUUUUUCCUAG,"[[7, 24], [8, 23], [9, 22], [10, 21], [11, 20], [12, 19]]"
prueba846,UAGUGGAAAAAAAUCUAGUUUUUUGUCGGA,"[[7, 24], [8, 23], [9, 22], [10, 21], [11, 20], [12, 19]]"
prueba847,CAGCGUAAAAAAACGUCGUUUUUUAAUAAC,"[[7, 24], [8, 23], [9, 22], [10, 21], [11, 20], [12, 19]]"
prueba848,GUAUAUAAAAAAGGCGUGUUUUUUUAUGCC,"[[7, 24], [8, 23], [9, 22], [10, 21], [11, 20], [12, 19]]"
prueba849,UAAGAAAAAAAAAACCGUUUUUUUGUCUAC,"[[7, 24], [8, 23], [9, 22], [10, 21], [11, 20], [12, 19]]"
prueba850,UGAACGAAAAAACCUAUAUUUUUUAGCAGA,"[[7, 24], [8, 23], [9, 22], [10, 21], [11, 20], [12, 19]]"
prueba851,UCAGGGAAAAAAGCUGCCUUUUUUGUCGUU,"[[7, 24], [8, 23], [9, 22], [10, 21], [11, 20], [12, 19]]"
prueba852,AUCCAGAAAAAAAAGUUUUUUUUUAGGGAG,"[[7, 24], [8, 23], [9, 22], [10, 21], [11, 20], [12, 19]]"
prueba853,UGGUCGAAAAAAUAUGGCUUUUUUAAUUUU,"[[7, 24], [8, 23], [9, 22], [10, 21], [11, 20], [12, 19]]"
prueba854,CAUUUGAAAAAAUCGUCAUUUUUUAAAUUU,"[[7, 24], [8, 23], [9, 22], [10, 21], [11, 20], [12, 19]]"
prueba855,GUUGUAAAAAAAACUGCGUUUUUUUAUACU,"[[7, 24], [8, 23], [9, 22], [10, 21], [11, 20], [12, 19]]"
prueba856,GGGCUGAAAAAAGGAGCGUUUUUUUUCCAA,"[[7, 24], [8, 23], [9, 22], [10, 21], [11, 20], [12, 19]]"
prueba857,UACCUUAAAAAACCGAAUUUUUUUCGAGGU,"[[7, 24], [8, 23], [9, 22], [10, 21], [11, 20], [12, 19]]"
prueba858,GGCAUUAAAAAAGAAGCAUUUUUUCACUCU,"[[7, 24], [8, 23], [9, 22], [10, 21], [11, 20], [12, 19]]"
prueba859,AUACAGAAAAAAAUACCGUUUUUUAUAAUU,"[[7, 24], [8, 23], [9, 22], [10, 21], [11, 20], [12, 19]]"
prueba860,AUUGACAAAAAAGGUGGUUUUUUUCCCGGC,"[[7, 24], [8, 23], [9, 22], [10, 21], [11, 20], [12, 19]]"
prueba861,CGUCGUAAAAAAAGGCCAUUUUUUUUCACG,"[[7, 24], [8, 23], [9, 22], [10, 21], [11, 20], [12, 19]]"
prueba862,GAUAACAAAAAAACUUAUUUUUUUUGGGUC,"[[7, 24], [8, 23], [9, 22], [10, 21], [11, 20], [12, 19]]"
prueba863,AGGGAUAAAAAAAGAUUCUUUUUUAUAAUG,"[[7, 24], [8, 23], [9, 22], [10, 21], [11, 20], [12, 19]]"
prueba864,UGAUGGAAAAAACCUUUUUUUUUUAAGUCC,"[[7, 24], [8, 23], [9, 22], [10, 21], [11, 20], [12, 19]]"
prueba865,AUCAUGAAAAAAUUACCAUUUUUUUUAAUC,"[[7, 24], [8, 23], [9, 22], [10, 21], [11, 20], [12, 19]]"
prueba866,GUCUACAAAAAACUUGUUUUUUUUGCCUUA,"[[7, 24], [8, 23], [9, 22], [10, 21], [11, 20], [12, 19]]"
prueba867,GGGGCUAAAAAAGUCAGUUUUUUUCGUAUU,"[[7, 24], [8, 23], [9, 22], [10, 21], [11, 20], [12, 19]]"
prueba868,GAGUUGAAAAAAAACGACUUUUUUAGGUAG,"[[7, 24], [8, 23], [9, 22], [10, 21], [11, 20], [12, 19]]"
prueba869,CUCCCAAAAAAACGAUGCUUUUUUUUGCAC,"[[7, 24], [8, 23], [9, 22], [10, 21], [11, 20], [12, 19]]"
prueba870,AGCGGAAAAAAAAGCAUGUUUUUUGACUAC,"[[7, 24], [8, 23], [9, 22], [10, 21], [11, 20], [12, 19]]"
prueba871,CCGGGAAAAAAACACGCAUUUUUUCCUGCG,"[[7, 24], [8, 23], [9, 22], [10, 21], [11, 20], [12, 19]]"
prueba872,CUUUCCAAAAAAGGUAAUUUUUUUGCCGCG,"[[7, 24], [8, 23], [9, 22], [10, 21], [11, 20], [12, 19]]"
prueba873,AAGCUCAAAAAAUGGGCGUUUUUUCCUUUC,"[[7, 24], [8, 23], [9, 22], [10, 21], [11, 20], [12, 19]]"
prueba874,CUUGUGAAAAAAUUGAGGUUUUUUAUCGCA,"[[7, 24], [8, 23], [9, 22], [10, 21], [11, 20], [12, 19]]"
prueba875,CAUUAGAAAAAAAGGGUUUUUUUUACCCGG,"[[7, 24], [8, 23], [9, 22], [10, 21], [11, 20], [12, 19]]"
prueba876,UACGACAAAAAAACUAACUUUUUUUAAUAA,"[[7, 24], [8, 23], [9, 22], [10, 21], [11, 20], [12, 19]]"
prueba877,UGCGAGAAAAAAAAAGCAUUUUUUCAUAUC,"[[7, 24], [8, 23], [9, 22], [10, 21], [11, 20], [12, 19]]"
prueba878,CUAUUUAAAAAACGGGUGUUUUUUGAUCCC,"[[7, 24], [8, 23], [9, 22], [10, 21], [11, 20], [12, 19]]"
prueba879,CGAUUGAAAAAAGCUUCGUUUUUUCUACCC,"[[7, 24], [8, 23], [9, 22], [10, 21], [11, 20], [12, 19]]"
prueba880,AGAACAAAAAAAGUCCCGUUUUUUGAGGUC,"[[7, 24], [8, 23], [9, 22], [10, 21], [11, 20], [12, 19]]"
prueba881,UUUCGUAAAAAAAUUAAGUUUUUUUCGUCU,"[[7, 24], [8, 23], [9, 22], [10, 21], [11, 20], [12, 19]]"
prueba882,GUCGGUAAAAAACAGUAUUUUUUUAAUGGG,"[[7, 24], [8, 23], [9, 22], [10, 21], [11, 20], [12, 19]]"
prueba883,GGCUAAAAAAAACUCUAGUUUUUUUUCGGU,"[[7, 24], [8, 23], [9, 22], [10, 21], [11, 20], [12, 19]]"
prueba884,GCCUUGAAAAAAGGUACUUUUUUUAUAGGA,"[[7, 24], [8, 23], [9, 22], [10, 21], [11, 20], [12, 19]]"
prueba885,CCCCAAAAAAAAGCACGGUUUUUUCACUCU,"[[7, 24], [8, 23], [9, 22], [10, 21], [11, 20], [12, 19]]"
prueba886,GCCCGAAAAAAAAGAACAUUUUUUAUUGAA,"[[7, 24], [8, 23], [9, 22], [10, 21], [11, 20], [12, 19]]"
prueba887,UGACCUAAAAAAUCCGCUUUUUUUAUCGCG,"[[7, 24], [8, 23], [9, 22], [10, 21], [11, 20], [12, 19]]"
prueba888,UCACUUAAAAAAUCAUGAUUUUUUCUACAA,"[[7, 24], [8, 23], [9, 22], [10, 21], [11, 20], [12, 19]]"
prueba889,GAUACAAAAAAAAAGAGGUUUUUUGCUGCG,"[[7, 24], [8, 23], [9, 22], [10, 21], [11, 20], [12, 19]]"
prueba890,GCAUUAAAAAAAUUCAUGUUUUUUGCGGUC,"[[7, 24], [8, 23], [9, 22], [10, 21], [11, 20], [12, 19]]"
prueba891,UGAUUCAAAAAACCCUGUUUUUUUGGUCGG,"[[7, 24], [8, 23], [9, 22], [10, 21], [11, 20], [12, 19]]"
prueba892,AGGAUCAAAAAAUACGAAUUUUUUUCACGU,"[[7, 24], [8, 23], [9, 22], [10, 21], [11, 20], [12, 19]]"
prueba893,CCCUAUAAAAAACCGCCAUUUUUUGCUCAA,"[[7, 24], [8, 23], [9, 22], [10, 21], [11, 20], [12, 19]]"
prueba894,CGAUUGAAAAAAAAGUUGUUUUUUAGACGU,"[[7, 24], [8, 23], [9, 22], [10, 21], [11, 20], [12, 19]]"
prueba895,AGCCGAAAAAAAUCUAAAUUUUUUAUGUAC,"[[7, 24], [8, 23], [9, 22], [10, 21], [11, 20], [12, 19]]"
prueba896,CAUCCAAAAAAAAAGCAGUUUUUUGAAACU,"[[7, 24], [8, 23], [9, 22], [10, 21], [11, 20], [12, 19]]"
prueba897,AAAUUGAAAAAAUACGUAUUUUUUUUUCAC,"[[7, 24], [8, 23], [9, 22], [10, 21], [11, 20], [12, 19]]"
prueba898,UAUGCAAAAAAAACCACAUUUUUUGACUGC,"[[7, 24], [8, 23], [9, 22], [10, 21], [11, 20], [12, 19]]"
prueba899,AAGAUUAAAAAAUAUUGUUUUUUUAGUCAG,"[[7, 24], [8, 23], [9, 22], [10, 21], [11, 20], [12, 19]]"
prueba900,GGUCGCAAAAAAUCUACAUUUUUUCUUAUG,"[[7, 24], [8, 23], [9, 22], [10, 21], [11, 20], [12, 19]]"
prueba901,AACCGAAAAAAAUCAUAGUUUUUUUAGUUA,"[[7, 24], [8, 23], [9, 22], [10, 21], [11, 20], [12, 19]]"
prueba902,AGCGAUAAAAAAGGUGUAUUUUUUCGUAGG,"[[7, 24], [8, 23], [9, 22], [10, 21], [11, 20], [12, 19]]"
prueba903,AUGUGUAAAAAAGACCUAUUUUUUGCCCCA,"[[7, 24], [8, 23], [9, 22], [10, 21], [11, 20], [12, 19]]"
prueba904,AACAGCAAAAAACCCUACUUUUUUAGACUG,"[[7, 24], [8, 23], [9, 22], [10, 21], [11, 20], [12, 19]]"
prueba905,CGCCUCAAAAAAAUUGCUUUUUUUGCUAGC,"[[7, 24], [8, 23], [9, 22], [10, 21], [11, 20], [12, 19]]"
prueba906,GUUAGGAAAAAAGACGCCUUUUUUGUCCUA,"[[7, 24], [8, 23], [9, 22], [10, 21], [11, 20], [12, 19]]"
prueba907,AUGGGCAAAAAAAUUGGCUUUUUUCCUCGA,"[[7, 24], [8, 23], [9, 22], [10, 21], [11, 20], [12, 19]]"
prueba908,UUAGAGAAAAAAUGACGGUUUUUUGAAGUU,"[[7, 24], [8, 23], [9, 22], [10, 21], [11, 20], [12, 19]]"
prueba909,UUUAUAAAAAAAGAGGAGUUUUUUGCAUGU,"[[7, 24], [8, 23], [9, 22], [10, 21], [11, 20], [12, 19]]"
prueba910,CGAGGCAAAAAAUCGCUCUUUUUUACGCUG,"[[7, 24], [8, 23], [9, 22], [10, 21], [11, 20], [12, 19]]"
prueba911,CAUACGAAAAAACAUGCUUUUUUUUCUUUG,"[[7, 24], [8, 23], [9, 22], [10, 21], [11, 20], [12, 19]]"
prueba912,UGUUGUAAAAAAGACCAUUUUUUUAACCCU,"[[7, 24], [8, 23], [9, 22], [10, 21], [11, 20], [12, 19]]"
prueba913,UAGAGGAAAAAACAGGGUUUUUUUGGUAUC,"[[7, 24], [8, 23], [9, 22], [10, 21], [11, 20], [12, 19]]"
prueba914,UUCAUCAAAAAAAGCGCCUUUUUUACGUUA,"[[7, 24], [8, 23], [9, 22], [10, 21], [11, 20], [12, 19]]"
prueba915,CAUGAUAAAAAAAGAGAGUUUUUUCAAGGC,"[[7, 24], [8, 23], [9, 22], [10, 21], [11, 20], [12, 19]]"
prueba916,CAUAGUAAAAAAAAGUUUUUUUUUGUGAAG,"[[7, 24], [8, 23], [9, 22], [10, 21], [11, 20], [12, 19]]"
prueba917,ACCUUUAAAAAACCUACUUUUUUUUACCCG,"[[7, 24], [8, 23], [9, 22], [10, 21], [11, 20], [12, 19]]"
prueba918,AGUCCUAAAAAACCCCACUUUUUUUUUAAG,"[[7, 24], [8, 23], [9, 22], [10, 21], [11, 20], [12, 19]]"
prueba919,AGAGAAAAAAAACUGAGAUUUUUUGAUGUU,"[[7, 24], [8, 23], [9, 22], [10, 21], [11, 20], [12, 19]]"
prueba920,AUUAAUAAAAAAGGCUCCUUUUUUUAUCAU,"[[7, 24], [8, 23], [9, 22], [10, 21], [11, 20], [12, 19]]"
prueba921,UAUCGUAAAAAACCACCAUUUUUUAAGUUG,"[[7, 24], [8, 23], [9, 22], [10, 21], [11, 20], [12, 19]]"
prueba922,GUGAGGAAAAAAUGCCUUUUUUUUGGUACC,"[[7, 24], [8, 23], [9, 22], [10, 21], [11, 20], [12, 19]]"
prueba923,GCAGAAAAAAAAUGCUUAUUUUUUACUCUU,"[[7, 24], [8, 23], [9, 22], [10, 21], [11, 20], [12, 19]]"
prueba924,GAUAAUAAAAAACUCUAAUUUUUUGUUUCU,"[[7, 24], [8, 23], [9, 22], [10, 21], [11, 20], [12, 19]]"
prueba925,AGUAGGAAAAAACCAAAUUUUUUUCGAGUC,"[[7, 24], [8, 23], [9, 22], [10, 21], [11, 20], [12, 19]]"
prueba926,GCCAUGAAAAAAGUAACCUUUUUUAUCUAG,"[[7, 24], [8, 23], [9, 22], [10, 21], [11, 20], [12, 19]]"
prueba927,GGGGGUAAAAAAUAAAACUUUUUUAUAACU,"[[7, 24], [8, 23], [9, 22], [10, 21], [11, 20], [12, 19]]"
prueba928,AUAACCAAAAAAGACCAGUUUUUUCACCUU,"[[7, 24], [8, 23], [9, 22], [10, 21], [11, 20], [12, 19]]"
prueba929,UCAUGUAAAAAAAUCACUUUUUUUUCAUAA,"[[7, 24], [8, 23], [9, 22], [10, 21], [11, 20], [12, 19]]"
prueba930,ACAGCAAAAAAACCGAGGUUUUUUAUGAAC,"[[7, 24], [8, 23], [9, 22], [10, 21], [11, 20], [12, 19]]"
prueba931,CCAGCCAAAAAAAUAUCGUUUUUUCUUUGU,"[[7, 24], [8, 23], [9, 22], [10, 21], [11, 20], [12, 19]]"
prueba932,CACCAGAAAAAACCCUCUUUUUUUAUACCA,"[[7, 24], [8, 23], [9, 22], [10, 21], [11, 20], [12, 19]]"
prueba933,GUUCAAAAAAAAACACAUUUUUUUGGUGAC,"[[7, 24], [8, 23], [9, 22], [10, 21], [11, 20], [12, 19]]"
prueba934,AUUGCUAAAAAAUGGUCAUUUUUUAGCUAU,"[[7, 24], [8, 23], [9, 22], [10, 21], [11, 20], [12, 19]]"
prueba935,AGAUCCAAAAAAGGAUUGUUUUUUAGUGAC,"[[7, 24], [8, 23], [9, 22], [10, 21], [11, 20], [12, 19]]"
prueba936,CACAUUAAAAAAGUCUGCUUUUUUACUUCU,"[[7, 24], [8, 23], [9, 22], [10, 21], [11, 20], [12, 19]]"
prueba937,GUCAAUAAAAAAUAGGAUUUUUUUCCGCUG,"[[7, 24], [8, 23], [9, 22], [10, 21], [11, 20], [12, 19]]"
prueba938,UGUGAGAAAAAAUGAGCGUUUUUUGGCGUA,"[[7, 24], [8, 23], [9, 22], [10, 21], [11, 20], [12, 19]]"
prueba939,UGACACAAAAAAAAGGGUUUUUUUUUGCGA,"[[7, 24], [8, 23], [9, 22], [10, 21], [11, 20], [12, 19]]"
prueba940,UAAUGCAAAAAAUUUUGCUUUUUUGCGGCC,"[[7, 24], [8, 23], [9, 22], [10, 21], [11, 20], [12, 19]]"
prueba941,GUCCGAAAAAAACUUAUCUUUUUUGUGGUA,"[[7, 24], [8, 23], [9, 22], [10, 21], [11, 20], [12, 19]]"
prueba942,UGAGAUAAAAAACUGGGCUUUUUUGAACCG,"[[7, 24], [8, 23], [9, 22], [10, 21], [11, 20], [12, 19]]"
prueba943,AAAAGGAAAAAAUCACUCUUUUUUGGGUGA,"[[7, 24], [8, 23], [9, 22], [10, 21], [11, 20], [12, 19]]"
prueba944,GAUUGGAAAAAAUUUUGUUUUUUUGCAUAA,"[[7, 24], [8, 23], [9, 22], [10, 21], [11, 20], [12, 19]]"
prueba945,AAGAUUAAAAAAUGAGACUUUUUUACGAAA,"[[7, 24], [8, 23], [9, 22], [10, 21], [11, 20], [12, 19]]"
prueba946,UCAACUAAAAAAUACCGUUUUUUUUACUCC,"[[7, 24], [8, 23], [9, 22], [10, 21], [11, 20], [12, 19]]"
prueba947,UCAAACAAAAAAGAUGAAUUUUUUGCGUCU,"[[7, 24], [8, 23], [9, 22], [10, 21], [11, 20], [12, 19]]"
prueba948,CCCGUAAAAAAACCGGUUUUUUUUCAUGUG,"[[7, 24], [8, 23], [9, 22], [10, 21], [11, 20], [12, 19]]"
prueba949,AAUCUGAAAAAAGCAUAAUUUUUUCGCCAU,"[[7, 24], [8, 23], [9, 22], [10, 21], [11, 20], [12, 19]]"
prueba950,CUGGCGAAAAAAAUGCAAUUUUUUCGCAGG,"[[7, 24], [8, 23], [9, 22], [10, 21], [11, 20], [12, 19]]"
prueba951,CAUGAGAAAAAAAAAGUAUUUUUUUUUUUC,"[[7, 24], [8, 23], [9, 22], [10, 21], [11, 20], [12, 19]]"
prueba952,UCAGCGAAAAAAGAGCAGUUUUUUUGCAAC,"[[7, 24], [8, 23], [9, 22], [10, 21], [11, 20], [12, 19]]"
prueba953,UGGGCUAAAAAAGGAUCUUUUUUUCUACGA,"[[7, 24], [8, 23], [9, 22], [10, 21], [11, 20], [12, 19]]"
prueba954,UUCGCAAAAAAACAUGUUUUUUUUAACGGU,"[[7, 24], [8, 23], [9, 22], [10, 21], [11, 20], [12, 19]]"
prueba955,CGGCCGAAAAAAUACCUGUUUUUUGUACCA,"[[7, 24], [8, 23], [9, 22], [10, 21], [11, 20], [12, 19]]"
prueba956,GGCCUAAAAAAAGGAGUUUUUUUUCCCUUG,"[[7, 24], [8, 23], [9, 22], [10, 21], [11, 20], [12, 19]]"
prueba957,GAAUCAAAAAAACAUUACUUUUUUGCUCCC,"[[7, 24], [8, 23], [9, 22], [10, 21], [11, 20], [12, 19]]"
prueba958,AUAGCUAAAAAAGCGACAUUUUUUGUAUCA,"[[7, 24], [8, 23], [9, 22], [10, 21], [11, 20], [12, 19]]"
prueba959,GCCCUAAAAAAAGCCCGGUUUUUUGGGGGG,"[[7, 24], [8, 23], [9, 22], [10, 21], [11, 20], [12, 19]]"
prueba960,UGAGUCAAAAAAAGCUCAUUUUUUAACGUU,"[[7, 24], [8, 23], [9, 22], [10, 21], [11, 20], [12, 19]]"
prueba961,AAAUCAAAAAAACCCAGAUUUUUUUUUACG,"[[7, 24], [8, 23], [9, 22], [10, 21], [11, 20], [12, 19]]"
prueba962,GGAUGGAAAAAAACUUUGUUUUUUUGUCUA,"[[7, 24], [8, 23], [9, 22], [10, 21], [11, 20], [12, 19]]"
prueba963,ACUGAAAAAAAAGUAGUCUUUUUUCGAUUC,"[[7, 24], [8, 23], [9, 22], [10, 21], [11, 20], [12, 19]]"
prueba964,ACAAGAAAAAAACCCUGGUUUUUUUAUAGU,"[[7, 24], [8, 23], [9, 22], [10, 21], [11, 20], [12, 19]]"
prueba965,CACGGAAAAAAAUGACCUUUUUUUGUCAUC,"[[7, 24], [8, 23], [9, 22], [10, 21], [11, 20], [12, 19]]"
prueba966,UACGUCAAAAAACGGAGAUUUUUUGUAUAU,"[[7, 24], [8, 23], [9, 22], [10, 21], [11, 20], [12, 19]]"
prueba967,CUCGGUAAAAAAGAUGCGUUUUUUAUUCAG,"[[7, 24], [8, 23], [9, 22], [10, 21], [11, 20], [12, 19]]"
prueba968,CAGCGCAAAAAAGGGGUGUUUUUUCUCGAG,"[[7, 24], [8, 23], [9, 22], [10, 21], [11, 20], [12, 19]]"
prueba969,UACACAAAAAAAUAAUGGUUUUUUCGUGUG,"[[7, 24], [8, 23], [9, 22], [10, 21], [11, 20], [12, 19]]"
prueba970,AACUUUAAAAAACCCACAUUUUUUUUCAGG,"[[7, 24], [8, 23], [9, 22], [10, 21], [11, 20], [12, 19]]"
prueba971,CACAAUAAAAAAUCGCGGUUUUUUCAGAGA,"[[7, 24], [8, 23], [9, 22], [10, 21], [11, 20], [12, 19]]"
prueba972,UGUUUCAAAAAAAGCUCUUUUUUUUCCCUA,"[[7, 24], [8, 23], [9, 22], [10, 21], [11, 20], [12, 19]]"
prueba973,ACUGGCAAAAAAUGAAGCUUUUUUCGCGCA,"[[7, 24], [8, 23], [9, 22], [10, 21], [11, 20], [12, 19]]"
prueba974,CCCUGCAAAAAACAUCACUUUUUUUUUAAC,"[[7, 24], [8, 23], [9, 22], [10, 21], [11, 20], [12, 19]]"
prueba975,UAGUGCAAAAAAGAAUUUUUUUUUUCUACU,"[[7, 24], [8, 23], [9, 22], [10, 21], [11, 20], [12, 19]]"
prueba976,UCUCAAAAAAAACGUGCCUUUUUUCUGUAC,"[[7, 24], [8, 23], [9, 22], [10, 21], [11, 20], [12, 19]]"
prueba977,ACAACGAAAAAACAAGAGUUUUUUAUCAAU,"[[7, 24], [8, 23], [9, 22], [10, 21], [11, 20], [12, 19]]"
prueba978,GGUAAUAAAAAAAGUUAAUUUUUUACAGCG,"[[7, 24], [8, 23], [9, 22], [10, 21], [11, 20], [12, 19]]"
prueba979,CGAUAGAAAAAAGUGGAAUUUUUUAUUAUU,"[[7, 24], [8, 23], [9, 22], [10, 21], [11, 20], [12, 19]]"
prueba980,CAGCCAAAAAAACGACCUUUUUUUCUGAGG,"[[7, 24], [8, 23], [9, 22], [10, 21], [11, 20], [12, 19]]"
prueba981,AUCCCUAAAAAACGAGUUUUUUUUCUUUCU,"[[7, 24], [8, 23], [9, 22], [10, 21], [11, 20], [12, 19]]"
prueba982,UCUUCAAAAAAAGGUCUAUUUUUUAUAGCU,"[[7, 24], [8, 23], [9, 22], [10, 21], [11, 20], [12, 19]]"
prueba983,UUUCCUAAAAAAUGGAUAUUUUUUGCAUUA,"[[7, 24], [8, 23], [9, 22], [10, 21], [11, 20], [12, 19]]"
prueba984,CUUAAUAAAAAACACCUUUUUUUUAGUGGG,"[[7, 24], [8, 23], [9, 22], [10, 21], [11, 20], [12, 19]]"
prueba985,AUGUUUAAAAAAUGUUUUUUUUUUGACACU,"[[7, 24], [8, 23], [9, 22], [10, 21], [11, 20], [12, 19]]"
prueba986,UUAUUGAAAAAAGUAUUUUUUUUUUGUGCC,"[[7, 24], [8, 23], [9, 22], [10, 21], [11, 20], [12, 19]]"
prueba987,CUACAUAAAAAACGCUCUUUUUUUCCCUUG,"[[7, 24], [8, 23], [9, 22], [10, 21], [11, 20], [12, 19]]"
prueba988,CUUUUCAAAAAAUCAUGUUUUUUUCGGGGC,"[[7, 24], [8, 23], [9, 22], [10, 21], [11, 20], [12, 19]]"
prueba989,AAUGGCAAAAAAUCGACCUUUUUUCAACCA,"[[7, 24], [8, 23], [9, 22], [10, 21], [11, 20], [12, 19]]"
prueba990,CCUUCUAAAAAAUAGGUGUUUUUUCGUGGG,"[[7, 24], [8, 23], [9, 22], [10, 21], [11, 20], [12, 19]]"
prueba991,CUAGGUAAAAAAUAGUGAUUUUUUAGUCAG,"[[7, 24], [8, 23], [9, 22], [10, 21], [11, 20], [12, 19]]"
prueba992,AGGUCCAAAAAACUCGGCUUUUUUGAGUGA,"[[7, 24], [8, 23], [9, 22], [10, 21], [11, 20], [12, 19]]"
prueba993,GCUCGAAAAAAAAUGAAUUUUUUUCAUGAU,"[[7, 24], [8, 23], [9, 22], [10, 21], [11, 20], [12, 19]]"
prueba994,UAUUAGAAAAAAUUCUCUUUUUUUCCAGAU,"[[7, 24], [8, 23], [9, 22], [10, 21], [11, 20], [12, 19]]"
prueba995,UUGGCGAAAAAAAUUGGAUUUUUUAGUUAU,"[[7, 24], [8, 23], [9, 22], [10, 21], [11, 20], [12, 19]]"
prueba996,GAUCGAAAAAAAGGAGUCUUUUUUGGCACC,"[[7, 24], [8, 23], [9, 22], [10, 21], [11, 20], [12, 19]]"
prueba997,GAAUAGAAAAAAUCCAUAUUUUUUGCACCA,"[[7, 24], [8, 23], [9, 22], [10, 21], [11, 20], [12, 19]]"
prueba998,GAACUAAAAAAAGGUUGGUUUUUUUGCGCU,"[[7, 24], [8, 23], [9, 22], [10, 21], [11, 20], [12, 19]]"
prueba999,AACAUGAAAAAAGUGACGUUUUUUGACUGA,"[[7, 24], [8, 23], [9, 22], [10, 21], [11, 20], [12, 19]]"
